1	4.996644	60	0.07494406666666667
2	4.535465	52	0.07760509615384616
3	5.297234	61	0.07864318032786886
4	11.341361	137	0.07913402189781021
5	5.138549	62	0.07481530645161291
6	8.521088	108	0.07426933333333334
7	16.785079	182	0.08947845604395605
8	8.217324	96	0.08038879166666667
9	9.649615	124	0.07378721774193549
10	21.591247	256	0.08238768359375
11	9.539274	110	0.0821752181818182
12	13.424671	145	0.08913566206896552
13	3.913651	43	0.07938723255813954
14	13.366032	149	0.08634920805369128
15	14.851066	151	0.09504017218543045
16	9.017098	100	0.08517098000000001
17	3.600045	37	0.083785
18	4.131791	42	0.08647121428571428
19	13.434195	156	0.08291150641025642
20	16.321179	187	0.08460523529411765
21	12.480544	118	0.10153003389830509
22	10.541179	103	0.09748717475728155
23	11.509705	107	0.10289443925233645
24	11.259819	104	0.10345979807692308
25	4.554558	51	0.07950113725490196
26	12.096009	139	0.08342452517985612
27	8.427029	89	0.0890677415730337
28	4.878639	50	0.08757277999999999
29	14.762222	173	0.08244058959537572
30	8.707619	95	0.08639598947368421
31	9.152562	101	0.0856689306930693
32	5.934512	67	0.08111211940298507
33	4.172517	42	0.08744088095238095
34	12.114376	130	0.08934135384615384
35	5.158277	59	0.07895384745762712
36	7.431156	83	0.08350790361445783
37	8.341678	74	0.10596862162162161
38	7.868209	78	0.09446421794871795
39	8.973107	91	0.09311106593406594
40	5.854603	55	0.09735641818181819
41	7.222948	67	0.10034250746268657
42	4.613515	44	0.09348897727272726
43	10.68839	105	0.09703228571428571
44	7.607982	84	0.08461883333333334
45	4.893651	51	0.08615001960784315
46	4.110567	41	0.08806260975609755
47	9.470975	112	0.08009799107142856
48	5.034558	50	0.09069115999999999
49	7.30585	74	0.09197094594594594
50	4.036599	45	0.07859108888888888
51	5.049025	48	0.09477135416666667
52	7.57424	79	0.0895473417721519
53	7.474875	65	0.10730576923076923
54	8.653424	93	0.0876712258064516
55	8.043855	64	0.11787273437500001
56	11.511791	134	0.08217754477611941
57	10.859002	117	0.08853847863247863
58	5.326304	60	0.08043840000000001
59	14.752063	169	0.08433173372781065
60	6.004263	53	0.10385401886792453
61	6.672336	81	0.07620167901234567
62	4.014921	39	0.09012617948717949
63	3.997234	40	0.08743085
64	14.44458	176	0.07923056818181819
65	13.162676	137	0.09242829197080292
66	9.866168	76	0.12323905263157894
67	10.428707	112	0.08864916964285714
68	15.152245	135	0.10853514814814816
69	12.626984	135	0.08982951111111111
70	3.248073	33	0.0832749393939394
71	4.335147	48	0.07989889583333333
72	3.886576	42	0.0806327619047619
73	5.88322	49	0.10986163265306122
74	4.279048	42	0.08997733333333334
75	12.906395	141	0.0879886170212766
76	6.624671	79	0.07752748101265823
77	5.753152	67	0.07840525373134329
78	5.386984	63	0.0775711746031746
79	7.568118	83	0.08515804819277109
80	4.494921	49	0.08152899999999999
81	19.580408	238	0.08016978151260504
82	6.777506	65	0.09657701538461538
83	5.510975	59	0.08493177966101695
84	12.619274	143	0.08475016783216784
85	22.414966	246	0.08908522764227642
86	8.448707	94	0.08456071276595746
87	8.312063	91	0.08584684615384616
88	3.302993	28	0.10010689285714285
89	7.368798	64	0.10732496875
90	15.1239	142	0.10298521126760564
91	24.071338	254	0.09280054330708662
92	23.640998	223	0.10377129147982063
93	18.325442	173	0.10303723699421964
94	9.066168	62	0.13816399999999998
95	12.021406	128	0.090010984375
96	11.592063	113	0.09815984955752212
97	5.390748	63	0.07763092063492064
98	9.002404	84	0.10121909523809525
99	7.485986	67	0.10426844776119402
100	6.504853	55	0.10917914545454545
101	5.021542	54	0.08373225925925926
102	4.718186	46	0.09169969565217392
103	4.510703	44	0.09115234090909091
104	5.20839	55	0.0856070909090909
105	4.924807	45	0.09832904444444446
106	6.504036	63	0.09530215873015874
107	5.236054	55	0.08611007272727274
108	5.590522	59	0.08628003389830509
109	5.811111	58	0.09157087931034483
110	6.122676	67	0.08392053731343284
111	8.426984	75	0.10569311999999999
112	7.01542	65	0.10023723076923076
113	6.050385	73	0.07603267123287671
114	9.146984	87	0.09939062068965517
115	3.233741	33	0.08284063636363637
116	18.365034	158	0.11306983544303799
117	4.303991	45	0.08453313333333333
118	4.224898	41	0.0908511707317073
119	32.789977	254	0.1271258937007874
120	6.705397	91	0.06819117582417582
121	3.630612	33	0.09486703030303031
122	4.371383	47	0.08236985106382978
123	8.961542	101	0.08377764356435644
124	2.844807	21	0.11165747619047618
125	8.658821	102	0.07998844117647058
126	3.80059	34	0.09707617647058824
127	20.248163	210	0.09403887142857144
128	5.321995	61	0.07904909836065574
129	6.049796	63	0.08809199999999999
130	5.412971	64	0.076765171875
131	18.182902	210	0.08420429523809524
132	9.547574	108	0.08377383333333333
133	9.186893	100	0.08686893
134	4.667075	55	0.075765
135	4.085306	42	0.08536442857142858
136	4.642404	48	0.08630008333333333
137	4.80644	58	0.07424896551724139
138	2.816871	26	0.08911042307692307
139	10.061814	104	0.09194051923076924
140	4.261315	47	0.08002797872340425
141	12.959592	133	0.09368114285714287
142	4.342132	51	0.07533592156862745
143	2.148209	10	0.1648209
144	15.88	166	0.09265060240963856
145	10.43551	126	0.07885325396825398
146	2.216372	12	0.143031
147	9.044308	103	0.08295444660194173
148	8.03093	90	0.083677
149	12.319592	137	0.08627439416058394
150	2.75102	21	0.10719142857142858
151	18.271701	207	0.08585362801932367
152	8.530113	85	0.09447191764705883
153	4.053605	42	0.08460964285714286
154	8.299864	95	0.08210383157894736
155	11.942857	121	0.09456906611570248
156	5.148209	61	0.0762001475409836
157	10.591293	95	0.10622413684210527
158	3.253968	27	0.10199881481481482
159	5.476871	57	0.08731352631578948
160	34.997415	245	0.14080577551020407
161	9.883039	104	0.09022152884615385
162	13.726848	143	0.09249544055944056
163	13.378231	135	0.0953943037037037
164	8.16839	86	0.08916732558139535
165	20.423583	218	0.09139258256880735
166	18.475011	210	0.08559529047619047
167	14.673923	159	0.08914416981132076
168	14.370748	174	0.07971694252873564
169	13.055465	143	0.08780045454545454
170	7.083946	76	0.08663086842105264
171	16.888073	182	0.09004435714285713
172	2.92	18	0.13444444444444445
173	13.880952	148	0.09041183783783784
174	4.642222	47	0.08813238297872342
175	6.425896	69	0.08588255072463769
176	3.003719	19	0.1317746842105263
177	13.670522	146	0.09020905479452054
178	4.007619	29	0.12095237931034483
179	2.006485	12	0.12554041666666668
180	2.477551	17	0.1163265294117647
181	2.249615	16	0.1093509375
182	3.568481	32	0.09589003125
183	2.61093	27	0.0781825925925926
184	7.948844	87	0.08561889655172414
185	3.700454	38	0.08422247368421053
186	3.464671	31	0.09563454838709677
187	3.711247	33	0.09731051515151516
188	2.806349	33	0.06988936363636364
189	8.196916	83	0.09273392771084338
190	11.294785	123	0.08776247967479674
191	7.202676	85	0.07885501176470588
192	4.28771	40	0.09469274999999999
193	4.978231	54	0.0829302037037037
194	3.470748	33	0.09002266666666667
195	2.528254	19	0.1067502105263158
196	3.325533	27	0.10464937037037038
197	3.066531	26	0.09871273076923076
198	3.835646	36	0.09265683333333334
199	10.597687	112	0.09015791964285715
200	8.681905	91	0.08991104395604396
201	6.030612	60	0.09217686666666666
202	13.543764	153	0.08525335947712417
203	8.621315	99	0.08203348484848484
204	13.828254	148	0.09005577027027027
205	22.598594	234	0.09443843589743589
206	3.078503	25	0.10314012
207	3.159592	28	0.09498542857142857
208	3.315918	31	0.09083606451612904
209	9.068662	102	0.08400649019607843
210	11.578549	134	0.08267573880597015
211	3.553469	33	0.09252936363636365
212	2.333197	16	0.11457481250000001
213	7.878776	73	0.10107912328767124
214	7.112426	68	0.09724155882352942
215	17.392653	185	0.09131163783783783
216	12.538005	136	0.08851474264705883
217	5.297052	57	0.08415880701754386
218	3.725714	34	0.09487394117647059
219	5.71093	66	0.07895348484848486
220	2.800726	19	0.12109084210526316
221	2.828571	17	0.13697476470588235
222	2.958866	19	0.129414
223	2.907483	23	0.10467317391304348
224	9.738322	109	0.08475524770642202
225	7.643311	79	0.0904216582278481
226	4.706757	51	0.08248543137254902
227	13.440363	153	0.08457753594771242
228	10.528118	113	0.08874440707964601
229	8.18322	107	0.07180579439252337
230	9.824444	101	0.09232122772277228
231	9.363129	114	0.07774674561403509
232	9.221315	106	0.08227655660377359
233	7.517596	82	0.08558043902439025
234	9.085034	120	0.07154195
235	7.823583	82	0.08931198780487805
236	7.016689	76	0.08574590789473685
237	9.887302	98	0.09578879591836735
238	2.447029	20	0.09735145
239	3.523719	41	0.07374924390243902
240	14.31873	152	0.09091269736842106
241	4.32898	38	0.10076263157894735
242	9.907574	97	0.09698529896907217
243	3.30127	32	0.0875396875
244	2.495238	23	0.08674947826086957
245	5.505669	68	0.07361277941176471
246	13.842902	142	0.0939640985915493
247	2.259728	17	0.10351341176470588
248	3.735465	31	0.10436983870967742
249	12.271565	132	0.08917852272727274
250	6.003628	52	0.105839
251	3.855692	27	0.12428488888888889
252	2.685941	24	0.091080875
253	4.149342	40	0.09123355
254	2.636644	22	0.09712018181818181
255	3.634694	39	0.08037676923076924
256	9.49229	109	0.08249807339449541
257	5.150159	54	0.08611405555555557
258	2.873061	27	0.08789114814814815
259	3.784535	42	0.07820321428571428
260	9.048345	104	0.082195625
261	5.038776	52	0.08728415384615386
262	10.186939	127	0.07627511023622048
263	4.559048	56	0.07248299999999999
264	2.025397	15	0.10169313333333332
265	2.861769	28	0.08434889285714285
266	3.004354	29	0.08635703448275862
267	2.833152	24	0.09721466666666667
268	7.698957	81	0.08887601234567902
269	8.021361	88	0.08547001136363637
270	6.673288	65	0.09497366153846154
271	5.737778	44	0.11904040909090909
272	4.255147	48	0.07823222916666667
273	6.954694	63	0.10245546031746032
274	13.712154	135	0.0978678074074074
275	6.625624	65	0.09424036923076923
276	14.581678	137	0.10278597080291971
277	14.505079	125	0.112040632
278	11.970522	112	0.102415375
279	12.296236	130	0.09074027692307693
280	6.830476	72	0.08792327777777778
281	3.524717	37	0.0817491081081081
282	4.720317	52	0.0811599423076923
283	4.661587	51	0.08159974509803922
284	11.083583	111	0.0953475945945946
285	8.274286	78	0.09967033333333333
286	13.291882	148	0.08643163513513513
287	7.14576	78	0.08520205128205129
288	9.864535	123	0.07613443089430895
289	9.521043	88	0.10251185227272729
290	9.945578	88	0.10733611363636363
291	8.67161	99	0.08254151515151514
292	11.106576	116	0.091436
293	7.204943	76	0.08822293421052632
294	6.985578	63	0.10294568253968255
295	13.818821	159	0.08376616981132075
296	3.035964	29	0.08744703448275862
297	7.396417	78	0.08841560256410255
298	4.154422	47	0.07775365957446809
299	9.240317	105	0.08324111428571428
300	6.162313	61	0.09282480327868853
301	8.181678	90	0.08535197777777778
302	3.135918	28	0.09413992857142858
303	11.184399	125	0.085475192
304	11.282585	117	0.09215884615384615
305	15.162857	180	0.08146031666666667
306	2.905624	29	0.08295255172413793
307	12.040544	115	0.10035255652173913
308	11.387937	98	0.11110139795918368
309	15.680771	151	0.10053490728476822
310	12.571066	112	0.107777375
311	4.959819	56	0.079639625
312	10.338005	108	0.0910926388888889
313	8.596145	67	0.12083798507462687
314	4.050023	37	0.09594656756756757
315	4.423265	41	0.09568939024390244
316	7.171474	66	0.10108293939393939
317	6.312472	53	0.10966928301886791
318	3.858231	41	0.0819080731707317
319	7.781088	75	0.09708117333333333
320	3.382041	30	0.09606803333333333
321	3.73678	41	0.07894585365853658
322	4.61415	51	0.08066960784313726
323	5.617415	55	0.0930439090909091
324	3.964807	40	0.086620175
325	4.309796	43	0.08859990697674419
326	3.872154	38	0.0887408947368421
327	6.555964	52	0.11646084615384616
328	3.140544	33	0.08001648484848484
329	5.506032	56	0.08939342857142858
330	2.698458	23	0.0955851304347826
331	7.860816	70	0.10515451428571428
332	4.321587	43	0.08887411627906977
333	6.129887	51	0.1103899411764706
334	6.218141	53	0.10788945283018868
335	4.838322	59	0.0735308813559322
336	4.795283	55	0.07809605454545455
337	7.45161	90	0.0772401111111111
338	5.475601	64	0.077743765625
339	5.231247	59	0.08019062711864407
340	4.484082	52	0.07661696153846154
341	6.718186	70	0.08883122857142857
342	6.160544	67	0.08448573134328358
343	6.56898	70	0.08669971428571428
344	6.276145	58	0.09958870689655172
345	8.907619	86	0.09776301162790699
346	8.884853	91	0.09214124175824176
347	5.591519	60	0.08485865
348	3.666168	33	0.09594448484848485
349	4.717052	50	0.08434103999999999
350	7.640272	66	0.1081859393939394
351	3.321678	33	0.08550539393939394
352	8.259819	81	0.09580023456790124
353	10.825624	87	0.11868533333333332
354	5.096372	53	0.086724
355	3.155646	31	0.08566599999999999
356	8.022268	69	0.10901837681159421
357	4.718957	44	0.09588538636363636
358	5.19678	46	0.10210391304347827
359	7.755964	80	0.09069954999999999
360	3.8839	41	0.08253414634146342
361	5.69746	57	0.09118350877192984
362	5.811701	58	0.09158105172413794
363	6.260136	53	0.10868181132075472
364	6.88263	70	0.09118042857142857
365	3.077959	30	0.08593196666666666
366	5.069932	56	0.08160592857142857
367	5.630249	45	0.11400553333333334
368	4.819002	45	0.09597782222222223
369	3.774649	38	0.08617497368421052
370	6.952834	60	0.10754723333333334
371	3.56195	32	0.0956859375
372	7.443311	63	0.1102112857142857
373	7.0522	56	0.11700357142857143
374	9.436508	79	0.11312035443037975
375	5.795147	35	0.15128991428571428
376	7.742812	86	0.08421874418604651
377	4.020862	41	0.08587468292682927
378	4.222721	43	0.08657490697674418
379	8.493424	95	0.08414130526315788
380	7.459229	80	0.0869903625
381	10.065034	109	0.08775260550458716
382	6.341678	43	0.13585297674418603
383	7.107755	75	0.0881034
384	4.110204	45	0.08022675555555557
385	9.585079	93	0.09768902150537635
386	4.702902	54	0.07783151851851852
387	3.659819	33	0.09575209090909091
388	4.796009	50	0.08592018
389	4.432834	44	0.0893825909090909
390	3.036327	25	0.10145308
391	4.903311	48	0.09173564583333334
392	9.950476	94	0.10053697872340425
393	4.454331	44	0.08987115909090909
394	5.78712	52	0.10167538461538461
395	6.842086	60	0.10570143333333333
396	5.842812	68	0.07857076470588235
397	3.152562	26	0.10202161538461539
398	4.797324	53	0.08108158490566038
399	4.001542	23	0.1522409565217391
400	7.8678	80	0.0920975
401	3.095737	30	0.08652456666666668
402	3.356961	45	0.06348802222222222
403	4.13619	38	0.0956892105263158
404	7.99229	85	0.08814458823529411
405	5.798322	70	0.07569031428571428
406	5.035193	60	0.07558654999999999
407	7.63737	89	0.08019516853932585
408	3.153741	31	0.08560454838709677
409	3.620499	33	0.09456057575757576
410	4.510023	51	0.07862790196078433
411	8.164444	82	0.09346882926829268
412	6.370794	70	0.08386848571428572
413	5.706122	60	0.08676869999999999
414	4.906848	54	0.0816082962962963
415	3.796327	32	0.10301021875
416	6.924535	61	0.10532024590163934
417	9.02517	87	0.09799045977011493
418	2.81542	19	0.1218642105263158
419	3.478821	30	0.09929403333333334
420	4.722313	49	0.08616965306122448
421	3.643628	33	0.09526145454545455
422	6.144172	59	0.09566393220338984
423	7.924082	82	0.09053758536585366
424	5.673787	51	0.10144680392156863
425	4.613923	50	0.08227846
426	4.023991	45	0.0783109111111111
427	3.664399	41	0.07718046341463415
428	10.896644	102	0.10192788235294117
429	4.86898	50	0.08737959999999999
430	7.48839	78	0.08959474358974359
431	4.111746	42	0.08599395238095238
432	4.737052	49	0.08647044897959184
433	6.655283	76	0.08099056578947368
434	5.281678	45	0.10625951111111112
435	7.074694	78	0.08429094871794872
436	3.00127	29	0.08625068965517241
437	4.748889	42	0.10116402380952381
438	6.337234	56	0.10423632142857142
439	3.987574	41	0.08506278048780487
440	3.413787	32	0.09105584375
441	3.55229	33	0.09249363636363638
442	14.771519	135	0.10571495555555556
443	7.17415	67	0.09961417910447762
444	6.97034	60	0.107839
445	5.556644	62	0.08155877419354839
446	4.87941	53	0.08263037735849056
447	4.431156	52	0.07559915384615384
448	4.51229	56	0.07164803571428571
449	10.904354	122	0.08528159016393443
450	7.431338	76	0.09120181578947369
451	5.430522	56	0.08804503571428571
452	3.192562	30	0.08975206666666667
453	7.089116	65	0.10137101538461538
454	7.386803	54	0.12753338888888888
455	4.303356	36	0.10564877777777777
456	2.819274	27	0.08589903703703704
457	3.487982	34	0.08788182352941176
458	7.438141	63	0.11012922222222223
459	4.986259	47	0.09545231914893618
460	4.376281	37	0.10476435135135134
461	3.45746	32	0.092420625
462	6.85093	57	0.11141982456140351
463	6.8961	58	0.11027758620689655
464	2.348345	15	0.12322300000000001
465	3.6839	41	0.0776560975609756
466	4.29805	45	0.08440111111111111
467	4.455918	51	0.07756701960784312
468	4.893605	62	0.07086459677419354
469	8.522812	101	0.07943378217821782
470	3.413243	31	0.09397558064516129
471	5.651791	48	0.10732897916666667
472	11.850794	120	0.09458995
473	7.678866	78	0.09203674358974359
474	7.198912	63	0.10633193650793651
475	6.706893	65	0.09549066153846154
476	3.492608	29	0.10319337931034483
477	2.923628	29	0.08357337931034482
478	4.375964	44	0.08809009090909091
479	4.399501	37	0.10539191891891891
480	6.654966	53	0.11613143396226415
481	4.29415	39	0.09728589743589744
482	4.537188	52	0.07763823076923078
483	5.495873	54	0.09251616666666666
484	4.64517	48	0.08635770833333334
485	9.781406	116	0.08001212068965517
486	7.459637	68	0.10234760294117647
487	6.35415	49	0.11947244897959183
488	6.292789	57	0.10162787719298245
489	17.325624	180	0.0934756888888889
490	4.37542	42	0.09227190476190476
491	5.290159	65	0.07369475384615384
492	5.859864	69	0.0776791884057971
493	4.102585	36	0.10007180555555556
494	5.112154	55	0.08385734545454546
495	12.606939	128	0.0945854609375
496	4.233152	43	0.08681748837209301
497	5.946939	52	0.10474882692307694
498	9.286395	97	0.09058139175257733
499	11.57619	106	0.10449235849056604
500	4.340726	42	0.09144585714285715
501	4.165351	41	0.08939880487804878
502	6.728073	52	0.11977063461538462
503	3.795556	35	0.09415874285714286
504	11.069796	107	0.09878314018691589
505	6.874921	66	0.09658971212121212
506	4.197868	44	0.08404245454545455
507	9.334966	87	0.10155133333333333
508	7.985034	66	0.11340960606060606
509	6.800816	62	0.10162606451612903
510	3.971111	41	0.08466124390243902
511	6.254785	53	0.10858084905660377
512	4.149388	41	0.08900946341463414
513	7.184853	69	0.09688192753623188
514	8.561451	74	0.10893852702702703
515	10.512381	108	0.09270723148148148
516	4.887029	50	0.08774058
517	3.904082	42	0.08104957142857143
518	6.690476	48	0.12896825
519	5.24576	44	0.10785818181818181
520	8.95678	70	0.12081114285714285
521	7.08644	72	0.09147833333333333
522	6.333243	61	0.09562693442622952
523	9.309433	70	0.12584904285714285
524	7.456417	67	0.10382711940298507
525	5.801224	47	0.112792
526	4.20068	47	0.07873787234042554
527	4.307347	43	0.0885429534883721
528	4.935374	52	0.08529565384615385
529	6.27483	45	0.12832955555555556
530	4.678821	41	0.10192246341463415
531	4.652608	42	0.09887161904761904
532	4.156553	41	0.08918421951219511
533	4.036553	41	0.08625739024390243
534	4.576508	44	0.09264790909090909
535	4.863855	60	0.07273091666666667
536	5.18254	55	0.08513709090909091
537	8.320816	77	0.10156903896103897
538	5.172109	44	0.10618429545454545
539	11.320499	108	0.10018980555555555
540	7.486213	78	0.08956683333333333
541	7.030748	70	0.0932964
542	10.770794	88	0.11671356818181819
543	10.279229	94	0.1040343510638298
544	4.595057	43	0.09523388372093022
545	4.749478	46	0.09237995652173912
546	5.181633	52	0.09003140384615384
547	5.223084	49	0.0963894693877551
548	6.710975	77	0.08066201298701299
549	4.701179	51	0.08237605882352941
550	5.490204	49	0.10184089795918368
551	6.253651	62	0.09280082258064516
552	5.113061	54	0.08542705555555556
553	13.898594	165	0.0812036
554	9.293787	123	0.07149420325203253
555	4.131519	47	0.07726636170212765
556	5.118458	55	0.08397196363636364
557	4.275147	43	0.08779411627906976
558	4.499138	43	0.09300320930232558
559	15.09805	133	0.10975977443609022
560	4.483946	42	0.09485585714285716
561	4.616961	43	0.09574327906976744
562	4.517596	45	0.08927991111111111
563	8.132245	76	0.10042427631578947
564	6.734512	61	0.10220511475409835
565	5.496689	65	0.07687213846153847
566	4.673515	44	0.09485261363636364
567	4.410476	44	0.08887445454545455
568	6.18	76	0.07473684210526316
569	6.446893	56	0.10619451785714286
570	8.749841	97	0.08504990721649484
571	5.533107	62	0.08117914516129032
572	5.878821	64	0.084044078125
573	4.871791	54	0.0809590925925926
574	4.163719	43	0.08520276744186048
575	5.490975	58	0.08605129310344826
576	4.50449	45	0.08898866666666666
577	3.981633	45	0.07736962222222223
578	3.565034	44	0.06965986363636363
579	9.138005	93	0.09288177419354839
580	8.892608	94	0.08928306382978722
581	9.608481	110	0.08280437272727272
582	5.983084	62	0.08843683870967742
583	4.857279	62	0.0702786935483871
584	4.238639	45	0.08308086666666667
585	5.69093	52	0.09982557692307692
586	4.415737	44	0.08899402272727273
587	4.885079	51	0.0859819411764706
588	4.679138	48	0.087065375
589	5.008707	45	0.10019348888888889
590	5.007483	50	0.09014965999999999
591	4.130975	42	0.08645178571428572
592	4.000499	42	0.08334521428571427
593	8.316644	84	0.09305528571428572
594	19.535918	175	0.10877667428571428
595	4.311837	43	0.08864737209302324
596	7.044943	63	0.10388798412698412
597	5.345805	56	0.08653223214285714
598	4.872018	53	0.08249090566037735
599	5.87356	53	0.10138792452830189
600	7.240227	69	0.09768444927536232
601	13.239002	105	0.12132382857142857
602	3.939637	46	0.07477471739130434
603	3.702313	44	0.07277984090909091
604	4.867846	50	0.08735692
605	4.098549	43	0.08368718604651164
606	4.336916	46	0.08341121739130436
607	4.529615	49	0.08223704081632653
608	4.906893	51	0.08640966666666668
609	4.356372	45	0.08569715555555556
610	5.290068	54	0.08870496296296296
611	4.526485	44	0.09151102272727273
612	5.160771	57	0.08176791228070177
613	4.64	45	0.092
614	4.261814	45	0.08359586666666667
615	3.741542	39	0.08311646153846154
616	5.204354	52	0.09046834615384616
617	4.846032	46	0.09447895652173913
618	4.316599	51	0.07483527450980393
619	3.805669	40	0.082641725
620	7.959138	83	0.08986913253012048
621	4.358912	51	0.07566494117647059
622	13.685941	126	0.1046503253968254
623	5.379955	59	0.08271110169491525
624	5.165442	50	0.09330883999999999
625	5.803537	67	0.07915726865671642
626	4.648934	48	0.08643612499999999
627	10.31873	92	0.10672532608695652
628	4.520771	50	0.08041542
629	4.429751	44	0.08931252272727273
630	8.151973	86	0.08897643023255813
631	3.998776	45	0.07775057777777777
632	4.874014	52	0.08411565384615384
633	3.649705	42	0.0749929761904762
634	5.037143	55	0.08249350909090909
635	6.068662	74	0.07525218918918919
636	5.255873	52	0.09145909615384616
637	6.301542	66	0.08790215151515152
638	8.161769	83	0.09231046987951806
639	5.394376	42	0.11653276190476192
640	4.243265	44	0.08507420454545454
641	5.205125	51	0.09225735294117647
642	7.558277	64	0.110285578125
643	3.603129	41	0.07568607317073171
644	4.279864	49	0.07714008163265305
645	3.60517	41	0.07573585365853659
646	3.846485	43	0.07782523255813953
647	4.274104	48	0.07862716666666668
648	5.915283	47	0.11521878723404254
649	3.837279	42	0.07945902380952381
650	5.032472	51	0.088872
651	14.562177	146	0.09631628082191782
652	4.533197	45	0.08962660000000001
653	4.176689	43	0.0855043953488372
654	4.120454	45	0.08045453333333333
655	4.413469	42	0.09317783333333333
656	4.403991	45	0.08675535555555557
657	4.408481	43	0.09089490697674418
658	10.728707	84	0.12177032142857143
659	10.489116	76	0.13143573684210524
660	14.576236	126	0.11171615873015873
661	4.803311	42	0.10245978571428571
662	4.199728	39	0.09486482051282052
663	5.723583	46	0.11355615217391303
664	8.652154	82	0.09941651219512194
665	4.698367	48	0.08746597916666667
666	4.272925	40	0.094323125
667	7.33288	78	0.08760102564102565
668	4.137098	41	0.08870970731707317
669	5.136417	58	0.07993822413793103
670	4.257052	44	0.08538754545454545
671	4.665261	50	0.08330522
672	7.404626	68	0.10153861764705883
673	6.489342	64	0.09358346875
674	4.482585	48	0.08297052083333334
675	4.158186	43	0.0850740930232558
676	4.374331	48	0.08071522916666667
677	4.141315	45	0.08091811111111111
678	7.250476	78	0.0865445641025641
679	6.660408	60	0.10267346666666667
680	4.208617	41	0.09045407317073172
681	6.737098	54	0.11550181481481481
682	4.055782	44	0.08081322727272727
683	10.811111	125	0.082488888
684	4.544717	42	0.09630278571428572
685	7.245714	70	0.09636734285714287
686	4.507166	44	0.09107195454545454
687	5.852925	51	0.1049593137254902
688	4.352744	45	0.08561653333333334
689	9.529161	92	0.0981430543478261
690	14.254558	148	0.0929362027027027
691	5.438866	57	0.08664677192982456
692	11.534195	109	0.10123114678899083
693	11.344036	111	0.09769401801801801
694	4.81161	44	0.09799113636363636
695	4.561361	48	0.08461168749999999
696	4.607166	49	0.08381971428571429
697	4.049705	42	0.08451678571428572
698	8.208027	79	0.09756996202531645
699	7.323447	75	0.09097929333333334
700	4.262041	45	0.0836009111111111
701	7.473061	71	0.09821212676056339
702	6.082993	56	0.09969630357142857
703	5.772245	43	0.1226103488372093
704	4.763719	46	0.09268954347826087
705	9.073832	103	0.08324108737864078
706	4.605125	48	0.08552343750000001
707	8.418639	83	0.09540528915662651
708	5.27805	55	0.08687363636363638
709	6.075873	47	0.11863559574468084
710	4.240408	44	0.08500927272727274
711	14.724444	143	0.09947163636363636
712	7.116145	66	0.10024462121212122
713	4.92898	47	0.0942336170212766
714	6.210975	56	0.10198169642857144
715	4.225669	41	0.0908699756097561
716	5.12771	53	0.08731528301886793
717	8.978685	102	0.08312436274509805
718	4.795556	41	0.10476965853658537
719	6.253288	59	0.0975133559322034
720	4.518957	42	0.09568945238095239
721	4.18254	45	0.08183422222222222
722	4.612063	50	0.08224126
723	4.317188	46	0.08298234782608695
724	6.005624	58	0.09492455172413793
725	6.026122	60	0.09210203333333333
726	6.841814	62	0.10228732258064517
727	4.491293	42	0.0950307857142857
728	4.642676	45	0.09205946666666666
729	5.532426	57	0.08828817543859649
730	4.577415	47	0.08675351063829788
731	4.816735	50	0.08633470000000001
732	5.112744	47	0.09814348936170213
733	8.762585	88	0.09389301136363636
734	7.163084	56	0.11898364285714284
735	4.489932	44	0.09068027272727272
736	4.816327	51	0.08463386274509804
737	4.57288	44	0.09256545454545453
738	6.631474	75	0.08175298666666667
739	4.190748	42	0.08787495238095239
740	4.754376	52	0.08181492307692308
741	11.131111	103	0.10321466990291263
742	8.716327	88	0.09336735227272727
743	4.582812	47	0.0868683404255319
744	18.617506	160	0.11323441249999999
745	7.285351	67	0.10127389552238807
746	4.969478	46	0.09716256521739129
747	5.925397	55	0.09864358181818182
748	3.674603	41	0.07742934146341462
749	5.362404	46	0.10570443478260869
750	5.604036	58	0.08800062068965517
751	8.032063	73	0.10317894520547946
752	5.441587	56	0.088242625
753	4.330612	47	0.0815023829787234
754	4.442494	54	0.07300914814814814
755	4.680272	52	0.08038984615384616
756	4.645624	47	0.0882047659574468
757	4.655873	47	0.08842282978723404
758	6.811156	65	0.0970947076923077
759	4.370159	41	0.09439412195121952
760	3.804535	41	0.08059841463414634
761	4.471202	51	0.07786670588235294
762	4.626803	47	0.08780431914893616
763	4.446576	45	0.08770168888888889
764	4.737551	44	0.09630797727272727
765	4.32839	43	0.08903232558139534
766	6.014104	69	0.07991455072463767
767	6.357823	56	0.10460398214285714
768	4.178866	44	0.08361059090909091
769	7.258413	67	0.10087183582089553
770	4.735057	49	0.08642973469387756
771	4.395102	45	0.08655782222222222
772	4.152971	47	0.07772278723404255
773	7.907619	81	0.0914520864197531
774	3.969977	41	0.08463358536585366
775	6.089342	52	0.10748734615384616
776	7.391519	61	0.1129757213114754
777	5.054422	52	0.08758503846153845
778	4.372109	41	0.09444168292682927
779	5.715782	47	0.11097408510638297
780	5.989388	58	0.09464462068965517
781	9.181497	79	0.1098923670886076
782	6.100227	50	0.11200454
783	4.197959	42	0.08804664285714285
784	7.156916	57	0.116788
785	4.217914	46	0.08082421739130435
786	5.05415	51	0.08929705882352941
787	7.892608	85	0.08697185882352941
788	4.010794	42	0.08359033333333332
789	6.074422	55	0.10135312727272727
790	6.95932	75	0.08612426666666667
791	4.934104	48	0.09237716666666666
792	4.789433	44	0.09748711363636363
793	7.251338	73	0.09248408219178082
794	3.96898	39	0.08894820512820513
795	6.655782	56	0.10992467857142858
796	5.08898	44	0.10429500000000001
797	3.662177	36	0.08783824999999999
798	3.891202	40	0.08478005
799	13.143084	135	0.09365247407407408
800	4.082268	41	0.08737239024390243
801	4.182857	42	0.08768707142857143
802	3.901179	41	0.08295558536585365
803	4.411973	44	0.08890847727272727
804	4.906395	47	0.09375308510638297
805	6.180091	67	0.0847774776119403
806	6.763946	63	0.09942771428571429
807	4.029932	42	0.084046
808	4.535057	50	0.08070114
809	6.254512	47	0.12243642553191489
810	6.983673	59	0.1098927627118644
811	6.430159	56	0.10589569642857143
812	5.566395	49	0.10339581632653061
813	4.152336	42	0.08696038095238096
814	9.025805	86	0.09913726744186047
815	4.784036	44	0.09736445454545456
816	3.722585	41	0.07859963414634147
817	5.075828	50	0.09151656
818	6.566213	58	0.10458987931034483
819	6.308753	56	0.10372773214285715
820	9.088481	87	0.0987181724137931
821	4.629252	43	0.09602911627906976
822	4.653968	45	0.0923104
823	5.737234	51	0.10269086274509803
824	9.079909	95	0.09031483157894737
825	4.572336	47	0.08664544680851063
826	5.968254	50	0.10936508
827	4.75288	48	0.08860166666666668
828	4.226077	42	0.08871611904761904
829	4.206395	43	0.08619523255813953
830	4.515737	52	0.07722571153846153
831	4.1478	41	0.08897073170731708
832	7.722313	82	0.08807698780487805
833	3.842358	45	0.07427462222222223
834	4.348889	44	0.08747474999999999
835	4.410249	40	0.097756225
836	4.597914	44	0.0931344090909091
837	5.455147	42	0.11797969047619047
838	7.064263	55	0.11935023636363637
839	5.755828	45	0.11679617777777779
840	7.224989	57	0.11798226315789473
841	6.150159	52	0.10865690384615385
842	5.496961	44	0.11356729545454546
843	7.333379	72	0.09490804166666666
844	8.251791	87	0.0891010459770115
845	6.518957	59	0.10201622033898305
846	4.314649	43	0.08871276744186046
847	6.658458	53	0.11619732075471699
848	4.000771	41	0.08538465853658538
849	5.684308	44	0.11782518181818182
850	5.693787	47	0.11050610638297872
851	6.157234	53	0.1067402641509434
852	6.198912	53	0.10752664150943396
853	11.849841	104	0.10913308653846153
854	6.548798	61	0.09916062295081966
855	4.534376	45	0.0896528
856	4.394739	42	0.09273188095238097
857	4.27873	41	0.09216414634146343
858	7.580771	66	0.1072844090909091
859	8.286485	73	0.1066641780821918
860	7.831429	80	0.0916428625
861	6.392971	57	0.10338545614035088
862	4.624172	41	0.10058956097560975
863	5.822993	54	0.09857394444444445
864	5.650612	56	0.09197521428571429
865	8.288163	89	0.08750744943820225
866	4.495374	46	0.08685595652173914
867	4.280771	42	0.09001835714285714
868	4.76458	48	0.08884541666666666
869	5.940136	61	0.08918255737704918
870	8.306712	79	0.09881913924050632
871	6.910748	62	0.10339916129032257
872	4.677868	48	0.08703891666666667
873	11.678413	113	0.09892400884955753
874	5.174921	50	0.09349842000000001
875	10.883039	105	0.09888608571428571
876	3.690249	42	0.07595830952380953
877	4.665351	48	0.08677814583333333
878	5.040907	62	0.07324043548387096
879	4.254512	43	0.08731423255813954
880	4.202177	43	0.08609713953488372
881	4.516553	45	0.08925673333333334
882	4.748254	42	0.10114890476190477
883	4.48771	41	0.09726121951219512
884	3.701043	40	0.080026075
885	5.131293	54	0.0857646851851852
886	4.569751	48	0.08478647916666666
887	4.829161	45	0.09620357777777779
888	9.595828	90	0.10106475555555555
889	5.233469	41	0.11545046341463415
890	6.605397	65	0.09392918461538462
891	5.824354	51	0.10439909803921568
892	4.356054	50	0.07712108000000001
893	4.698957	47	0.08933951063829787
894	3.92966	42	0.08165857142857143
895	6.680454	68	0.0908890294117647
896	9.528571	90	0.10031745555555555
897	4.394966	44	0.08852195454545454
898	5.189206	57	0.08226677192982457
899	4.481134	44	0.09048031818181818
900	5.030703	53	0.08548496226415095
901	4.62127	48	0.08585979166666667
902	7.799365	90	0.08110405555555555
903	4.203537	42	0.08817945238095237
904	4.820272	62	0.0696818064516129
905	4.464399	45	0.08809775555555556
906	5.548798	49	0.10303669387755102
907	5.707891	63	0.0826649365079365
908	4.362494	47	0.08218072340425532
909	5.434376	46	0.10726904347826087
910	13.61415	152	0.08627730263157896
911	5.991338	54	0.10169144444444445
912	15.949841	146	0.10582082876712329
913	6.182902	53	0.10722456603773585
914	7.134739	71	0.09344702816901408
915	5.946667	72	0.07564815277777777
916	6.480227	59	0.10135977966101695
917	6.327211	60	0.09712018333333333
918	5.156916	51	0.09131207843137254
919	6.524535	81	0.07437697530864197
920	4.61542	53	0.07764943396226416
921	5.019365	53	0.08527103773584906
922	4.098322	44	0.08178004545454544
923	4.161814	44	0.08322304545454545
924	4.516825	52	0.07724663461538461
925	3.904535	45	0.07565633333333334
926	6.460136	59	0.10101925423728814
927	4.166213	42	0.08729078571428571
928	3.69941	41	0.07803439024390244
929	4.366395	45	0.08591988888888888
930	4.279048	42	0.08997733333333334
931	5.492018	49	0.10187791836734694
932	5.201361	58	0.08105794827586207
933	10.632562	78	0.12990464102564103
934	14.600952	118	0.11949959322033898
935	9.799501	87	0.10689081609195401
936	4.841043	49	0.08859271428571429
937	4.548027	45	0.08995615555555556
938	4.556916	47	0.08631736170212766
939	5.51424	60	0.08357066666666667
940	4.613651	52	0.07910867307692307
941	13.204218	112	0.11343051785714285
942	6.701451	64	0.096897671875
943	3.871338	45	0.07491862222222223
944	12.201315	117	0.10001123931623931
945	6.270068	61	0.0945912786885246
946	4.943583	47	0.09454431914893617
947	5.579093	47	0.10806580851063831
948	4.14322	41	0.08885902439024392
949	4.261134	44	0.08548031818181819
950	11.589977	114	0.09728049999999999
951	3.630703	43	0.07280704651162791
952	4.555011	47	0.08627682978723406
953	9.519773	95	0.09494497894736843
954	7.236372	62	0.10865116129032258
955	3.990794	46	0.07588682608695653
956	4.118549	43	0.0841523023255814
957	7.766531	62	0.1172021129032258
958	6.807166	56	0.11262796428571428
959	4.025079	45	0.07833508888888889
960	4.318549	42	0.09091783333333334
961	4.321451	47	0.08130746808510637
962	4.302041	49	0.07759267346938775
963	13.122404	117	0.10788379487179486
964	7.057823	59	0.11114954237288135
965	6.136644	60	0.09394406666666667
966	3.912109	43	0.07935137209302326
967	7.334467	75	0.09112622666666667
968	11.288662	113	0.09547488495575221
969	4.355828	44	0.08763245454545454
970	5.56898	51	0.09939176470588235
971	11.626893	102	0.1090871862745098
972	6.588798	62	0.0982064193548387
973	10.547891	103	0.09755233980582524
974	9.227211	78	0.11188732051282052
975	5.587574	45	0.1130572
976	5.305578	51	0.09422701960784313
977	6.336916	51	0.11444933333333335
978	5.749388	46	0.1141171304347826
979	5.608209	48	0.10642102083333334
980	5.576372	43	0.11805516279069768
981	5.772971	47	0.11219087234042553
982	4.867392	41	0.10652175609756097
983	3.794331	41	0.08034953658536585
984	5.104082	58	0.07938072413793104
985	6.327256	57	0.10223256140350878
986	4.392109	45	0.08649131111111111
987	4.030023	44	0.08022779545454545
988	4.112109	43	0.08400253488372093
989	4.259864	41	0.09170400000000001
990	6.763764	55	0.11388661818181818
991	5.182857	48	0.09755952083333334
992	7.158594	64	0.10404053125
993	4.658957	41	0.10143797560975609
994	4.589025	47	0.08700053191489363
995	5.014422	54	0.0836004074074074
996	4.987347	61	0.07356306557377049
997	5.133968	55	0.08425396363636364
998	8.625442	78	0.10417233333333333
999	4.77932	48	0.08915250000000001
1000	4.0361	43	0.08223488372093024
1001	6.995011	70	0.09278587142857142
1002	7.495601	78	0.0896871923076923
1003	4.665896	46	0.09056295652173914
1004	4.46127	51	0.07767196078431372
1005	4.928027	55	0.08050958181818182
1006	5.409342	46	0.10672482608695652
1007	4.258912	47	0.07997685106382978
1008	5.165533	47	0.09926665957446808
1009	6.874603	64	0.099603171875
1010	5.975918	50	0.10951836
1011	12.055329	112	0.10317258035714286
1012	4.098549	43	0.08368718604651164
1013	4.227891	43	0.08669513953488371
1014	3.992608	41	0.08518556097560975
1015	7.317959	63	0.10822157142857143
1016	5.084717	54	0.08490216666666667
1017	5.127347	53	0.08730843396226416
1018	10.084626	94	0.10196410638297873
1019	4.266531	42	0.08967930952380951
1020	6.74576	59	0.10586033898305085
1021	5.551293	41	0.12320226829268294
1022	4.752154	43	0.09888730232558139
1023	4.901859	47	0.0936565744680851
1024	4.871474	46	0.09503204347826087
1025	4.701315	57	0.07370728070175439
1026	4.4878	48	0.08307916666666666
1027	8.315102	63	0.12404923809523809
1028	10.827075	97	0.10646469072164949
1029	4.352063	42	0.09171578571428572
1030	4.909297	47	0.09381482978723403
1031	4.87424	44	0.09941454545454546
1032	4.690612	47	0.0891619574468085
1033	4.181995	42	0.08766654761904762
1034	6.128481	50	0.11256962
1035	6.035147	50	0.11070294
1036	4.43415	45	0.08742555555555555
1037	4.324807	46	0.08314797826086956
1038	4.639501	49	0.08447961224489796
1039	8.925896	87	0.09684937931034483
1040	7.8761	72	0.10244583333333333
1041	6.677506	61	0.10127059016393443
1042	20.174966	181	0.10870146961325967
1043	4.761088	52	0.081944
1044	4.881315	51	0.08590813725490196
1045	4.657868	50	0.08315736
1046	4.409615	45	0.08688033333333332
1047	8.596327	79	0.10248515189873418
1048	7.242449	62	0.10874917741935483
1049	10.956916	85	0.12302254117647059
1050	8.4039	90	0.08782111111111111
1051	4.482494	47	0.08473391489361702
1052	7.333651	71	0.09624860563380282
1053	4.871746	54	0.08095825925925926
1054	9.41288	112	0.07957928571428571
1055	9.058503	115	0.0744217652173913
1056	3.606531	41	0.0757690487804878
1057	5.456553	71	0.06981060563380283
1058	5.052018	61	0.07462324590163935
1059	9.641678	104	0.08790075
1060	5.675283	65	0.07961973846153847
1061	5.028345	52	0.08708355769230769
1062	11.731791	134	0.08381933582089551
1063	8.51551	96	0.08349489583333335
1064	6.089161	64	0.087330640625
1065	8.40839	84	0.09414750000000001
1066	10.570023	121	0.0832233305785124
1067	6.974512	72	0.08992377777777777
1068	3.941088	42	0.08193066666666667
1069	9.081769	98	0.08756907142857143
1070	10.489116	115	0.08686187826086955
1071	8.585578	88	0.09188156818181818
1072	10.708345	114	0.08954688596491228
1073	5.578685	69	0.07360413043478262
1074	4.091882	45	0.0798196
1075	4.7161	55	0.07665636363636363
1076	7.823946	93	0.07875210752688172
1077	5.888481	73	0.07381480821917807
1078	6.387256	76	0.0774638947368421
1079	6.284853	69	0.08383844927536233
1080	4.95229	54	0.08244981481481481
1081	6.279728	88	0.06567872727272728
1082	11.969796	125	0.091758368
1083	4.297687	43	0.0883183023255814
1084	27.109342	281	0.09469516725978648
1085	9.011791	101	0.08427515841584159
1086	6.443492	69	0.0861375652173913
1087	6.195283	69	0.08254033333333333
1088	8.081043	89	0.08518025842696629
1089	8.921587	92	0.09153898913043479
1090	6.01093	60	0.09184883333333334
1091	6.260091	67	0.08597150746268657
1092	4.61483	55	0.07481509090909091
1093	8.557188	92	0.0875781304347826
1094	8.034785	84	0.08969982142857143
1095	5.290385	68	0.07044683823529412
1096	7.214467	77	0.08720087012987013
1097	8.715057	106	0.07750053773584906
1098	6.254104	67	0.08588214925373135
1099	14.521542	174	0.08058357471264369
1100	21.713288	196	0.10823106122448979
1101	8.953333	100	0.08453333
1102	5.200998	67	0.07016414925373135
1103	5.235193	58	0.08164125862068965
1104	8.005488	91	0.08247789010989011
1105	6.350975	62	0.09437056451612903
1106	6.642857	59	0.10411622033898306
1107	6.863492	66	0.09641654545454545
1108	6.354739	77	0.07603557142857144
1109	8.286712	96	0.08111158333333333
1110	3.929796	46	0.07456078260869566
1111	10.011383	116	0.08199468103448276
1112	7.46644	82	0.08495658536585367
1113	7.802993	84	0.08694039285714286
1114	6.165079	71	0.07978984507042254
1115	7.046168	70	0.09351668571428572
1116	8.404444	109	0.07251783486238532
1117	6.637596	73	0.08407665753424658
1118	5.343492	64	0.0756795625
1119	5.805261	60	0.08842101666666666
1120	11.262268	115	0.0935849391304348
1121	9.676327	112	0.08193149107142858
1122	11.751111	152	0.07402046710526315
1123	5.432063	63	0.07828671428571429
1124	4.02458	46	0.07662130434782609
1125	6.171338	70	0.08101911428571429
1126	5.476871	60	0.08294785
1127	11.498186	119	0.09242173109243698
1128	5.60644	75	0.06808586666666666
1129	4.213333	50	0.07426666000000001
1130	7.555556	85	0.08300654117647059
1131	4.822721	60	0.07204535
1132	5.765896	66	0.07978630303030303
1133	4.809932	55	0.0783624
1134	8.955238	93	0.0909165376344086
1135	7.846485	86	0.08542424418604652
1136	4.908934	53	0.08318743396226416
1137	6.636599	78	0.07867434615384616
1138	6.488073	79	0.0757983924050633
1139	6.695601	78	0.07943078205128205
1140	4.929478	54	0.08202737037037036
1141	5.055646	60	0.07592743333333334
1142	8.375057	103	0.0764568640776699
1143	7.698231	92	0.07824164130434783
1144	7.280454	77	0.08805784415584415
1145	6.553288	84	0.07206295238095238
1146	6.593379	70	0.08704827142857142
1147	11.163129	129	0.08265991472868217
1148	4.693424	48	0.08736300000000001
1149	5.795193	63	0.08405068253968255
1150	11.549161	126	0.08769175396825396
1151	5.759048	65	0.08090843076923077
1152	10.44449	125	0.07955592
1153	6.663039	82	0.07515901219512196
1154	5.399728	66	0.07423830303030303
1155	6.376236	72	0.08161438888888889
1156	12.964308	139	0.08967128057553958
1157	9.014785	96	0.08869567708333333
1158	8.550975	92	0.08751059782608694
1159	8.190476	88	0.08739177272727273
1160	5.928798	68	0.07983526470588234
1161	13.313605	152	0.08430003289473685
1162	5.322585	65	0.07419361538461539
1163	9.375057	106	0.08372695283018868
1164	6.14517	58	0.09733051724137931
1165	5.748707	64	0.082011046875
1166	18.931156	222	0.08302322522522523
1167	3.376871	43	0.06690397674418605
1168	9.386848	100	0.08886848
1169	5.69093	74	0.0701477027027027
1170	10.053333	119	0.08028010924369748
1171	13.497959	146	0.08902711643835616
1172	9.847256	113	0.0827190796460177
1173	11.325896	122	0.0887368524590164
1174	8.999138	98	0.08672589795918367
1175	6.319048	69	0.08433402898550725
1176	9.209478	101	0.08623245544554456
1177	4.688798	49	0.08548567346938776
1178	8.028299	82	0.09180852439024391
1179	8.81551	110	0.07559554545454546
1180	5.666712	65	0.07948787692307693
1181	5.262948	59	0.08072793220338982
1182	5.227256	57	0.08293431578947368
1183	4.68322	55	0.07605854545454546
1184	6.000952	65	0.08463003076923077
1185	4.517642	42	0.09565814285714287
1186	4.626984	48	0.08597883333333334
1187	9.546077	102	0.0886870294117647
1188	3.810567	41	0.08074553658536585
1189	11.120544	128	0.082973
1190	7.621814	71	0.10030723943661972
1191	4.757415	44	0.09675943181818182
1192	10.08585	90	0.10650944444444445
1193	6.023628	70	0.07890897142857144
1194	7.57941	87	0.08137252873563218
1195	11.813651	116	0.09753147413793103
1196	6.017188	71	0.07770687323943662
1197	7.6439	77	0.09277792207792208
1198	8.277234	88	0.0883776590909091
1199	11.524082	130	0.08480063076923076
1200	8.749615	89	0.09269230337078652
1201	8.31746	108	0.0723838888888889
1202	7.323311	82	0.08321110975609756
1203	5.679138	62	0.08353448387096775
1204	6.699501	77	0.080513
1205	8.052834	89	0.08486330337078653
1206	5.051293	57	0.0798472456140351
1207	5.559773	65	0.07784266153846153
1208	10.63483	122	0.08307237704918032
1209	7.037642	70	0.09339488571428571
1210	5.697778	65	0.07996581538461538
1211	9.042812	100	0.08542812
1212	6.194875	76	0.07493256578947367
1213	9.374603	109	0.081418376146789
1214	8.458639	91	0.08745757142857143
1215	6.915873	79	0.08121358227848102
1216	5.945215	68	0.0800766911764706
1217	9.195147	88	0.09880848863636364
1218	4.421224	52	0.07540815384615383
1219	4.317687	52	0.07341705769230769
1220	8.73551	103	0.07995640776699028
1221	7.351882	79	0.0867326835443038
1222	6.499728	74	0.08107740540540541
1223	8.834649	94	0.08866647872340426
1224	8.670159	92	0.08880607608695652
1225	6.353741	78	0.07504796153846154
1226	8.022222	84	0.0895502619047619
1227	5.767392	66	0.0798089696969697
1228	10.036916	124	0.0769106129032258
1229	5.549252	45	0.1122056
1230	6.784354	79	0.07954878481012659
1231	4.143129	47	0.0775133829787234
1232	6.004807	54	0.10194087037037036
1233	4.805714	53	0.08123988679245284
1234	7.039456	86	0.07604018604651164
1235	6.943311	79	0.08156089873417721
1236	5.603855	66	0.07733113636363637
1237	6.28263	79	0.07319784810126582
1238	16.136644	171	0.09144236257309941
1239	6.410159	68	0.08691410294117648
1240	6.420952	71	0.08339369014084506
1241	5.567483	61	0.08307349180327869
1242	7.869025	90	0.08187805555555555
1243	8.453469	101	0.07874721782178218
1244	7.695873	80	0.08994841249999999
1245	5.527347	59	0.08520927118644067
1246	13.469116	156	0.08313535897435897
1247	8.076009	100	0.07576009
1248	6.374104	86	0.06830353488372093
1249	11.322404	152	0.07120002631578948
1250	4.67229	55	0.07585981818181818
1251	9.582948	114	0.07967498245614035
1252	4.145669	45	0.08101486666666666
1253	9.667982	107	0.08568207476635514
1254	6.117551	80	0.0702193875
1255	10.648209	140	0.07248720714285714
1256	4.655828	58	0.07165220689655172
1257	9.974875	125	0.075799
1258	6.428163	72	0.08233559722222222
1259	5.773152	72	0.07323822222222222
1260	6.288753	74	0.07822639189189189
1261	5.765034	65	0.08100052307692307
1262	6.828707	68	0.09306922058823529
1263	9.358186	101	0.08770481188118812
1264	13.171927	146	0.0867940205479452
1265	6.26898	76	0.07590763157894737
1266	4.983039	52	0.08621228846153846
1267	4.732381	57	0.07425229824561404
1268	9.156735	103	0.0840459708737864
1269	5.462041	55	0.09021892727272728
1270	5.266077	61	0.07813240983606558
1271	11.45932	129	0.08495596899224807
1272	5.188163	65	0.07212558461538462
1273	12.699365	140	0.08713832142857143
1274	4.89356	67	0.0655755223880597
1275	6.38	73	0.08054794520547945
1276	9.817596	106	0.08790184905660377
1277	5.960998	71	0.07691546478873239
1278	6.207075	69	0.08271123188405796
1279	14.813968	183	0.0782184043715847
1280	8.417596	95	0.08334311578947368
1281	6.586122	77	0.07904054545454545
1282	6.834195	84	0.07540708333333333
1283	3.918141	42	0.08138430952380953
1284	4.95542	60	0.074257
1285	9.098821	106	0.08112095283018868
1286	4.916145	56	0.07885973214285714
1287	6.130023	78	0.07217978205128206
1288	6.31034	82	0.07085780487804878
1289	5.413605	63	0.07799373015873015
1290	9.209705	101	0.08623470297029702
1291	5.838186	75	0.07117581333333334
1292	5.223084	60	0.07871806666666667
1293	5.937959	73	0.07449258904109589
1294	5.885533	65	0.08285435384615385
1295	4.797234	53	0.08107988679245284
1296	5.02907	59	0.07676389830508475
1297	4.769388	56	0.07623907142857143
1298	6.383084	81	0.07263066666666666
1299	5.765488	74	0.07115524324324325
1300	7.44263	88	0.07889352272727274
1301	7.057188	87	0.07536997701149425
1302	10.738458	119	0.08603746218487394
1303	8.02517	100	0.07525169999999999
1304	6.993061	81	0.08016124691358024
1305	4.627166	49	0.0842278775510204
1306	4.793651	58	0.07402846551724138
1307	7.564671	88	0.08028035227272727
1308	5.676327	70	0.07394752857142857
1309	8.567302	98	0.0823194081632653
1310	5.548707	65	0.07767241538461539
1311	6.188889	75	0.07585185333333333
1312	7.711202	88	0.08194547727272727
1313	5.716463	76	0.06863767105263158
1314	6.43229	73	0.08126424657534247
1315	6.730204	83	0.07506269879518072
1316	9.709478	112	0.08222748214285715
1317	6.481406	75	0.07975208
1318	4.543583	51	0.07928594117647059
1319	7.122086	71	0.09326881690140845
1320	5.202585	54	0.0870849074074074
1321	6.021406	72	0.07668619444444444
1322	5.479955	63	0.07904690476190476
1323	4.852018	55	0.0791276
1324	10.171655	116	0.08337633620689655
1325	4.940544	63	0.07048482539682539
1326	7.834785	69	0.10630123188405798
1327	19.228798	178	0.10521796629213484
1328	5.954059	74	0.0737035
1329	6.315782	71	0.08191242253521126
1330	7.540227	79	0.08911679746835442
1331	7.958141	75	0.09944188000000001
1332	9.042857	98	0.08717201020408163
1333	6.828753	71	0.0891373661971831
1334	5.523991	52	0.09661521153846153
1335	9.068163	92	0.09313220652173913
1336	5.69424	56	0.0927542857142857
1337	4.639138	54	0.07665070370370371
1338	4.938594	45	0.09863542222222223
1339	5.313696	65	0.07405686153846154
1340	4.84322	46	0.09441782608695651
1341	6.19102	65	0.08755415384615385
1342	11.433741	127	0.08609244881889763
1343	4.462948	47	0.08431804255319149
1344	7.899592	68	0.1088175294117647
1345	6.6878	61	0.10143934426229509
1346	6.978322	86	0.07532932558139535
1347	14.617279	149	0.0947468389261745
1348	6.89873	59	0.10845305084745761
1349	17.556961	169	0.10092876331360948
1350	4.617642	52	0.07918542307692308
1351	8.940907	88	0.09591939772727272
1352	10.541043	112	0.08965216964285715
1353	6.312018	75	0.07749357333333333
1354	9.541224	103	0.08777887378640777
1355	7.371701	77	0.08924287012987013
1356	9.660227	106	0.08641723584905661
1357	8.895646	88	0.09540506818181817
1358	7.316644	88	0.07746186363636363
1359	7.758186	86	0.08439751162790698
1360	6.872971	76	0.08385488157894737
1361	8.728254	106	0.07762503773584906
1362	8.459637	96	0.08291288541666668
1363	6.90254	72	0.08892416666666667
1364	6.324399	82	0.07102925609756097
1365	5.184082	59	0.07939122033898305
1366	8.280771	89	0.08742439325842696
1367	15.992608	188	0.08240748936170213
1368	4.999365	60	0.07498941666666667
1369	6.443537	68	0.08740495588235295
1370	6.355147	71	0.08246685915492957
1371	7.569751	73	0.09684590410958904
1372	8.845624	94	0.0887832340425532
1373	7.220227	76	0.08842403947368421
1374	9.407347	114	0.07813462280701754
1375	5.994014	77	0.07135083116883117
1376	9.397687	112	0.07944363392857143
1377	4.989751	59	0.07609747457627118
1378	6.699909	74	0.08378255405405405
1379	7.284807	78	0.08698470512820512
1380	7.762857	77	0.09432281818181819
1381	13.428934	153	0.08450283660130718
1382	4.734104	53	0.07988875471698113
1383	8.298005	90	0.0866445
1384	7.671519	86	0.08338975581395348
1385	7.771383	81	0.08977016049382716
1386	10.761995	126	0.08144440476190477
1387	5.808118	70	0.07583025714285714
1388	9.509524	95	0.09483709473684211
1389	5.005533	61	0.07386119672131147
1390	8.161043	81	0.09458077777777776
1391	12.898367	120	0.103319725
1392	7.150068	95	0.07000071578947369
1393	5.973379	71	0.07708984507042255
1394	8.180091	90	0.08533434444444443
1395	5.009433	58	0.0777488448275862
1396	8.706531	94	0.08730352127659574
1397	4.508526	56	0.07158082142857143
1398	16.782449	199	0.08182135175879397
1399	4.793379	50	0.08586758
1400	7.672834	85	0.08438628235294117
1401	5.529206	60	0.08382010000000001
1402	4.22585	48	0.077621875
1403	5.748662	66	0.07952518181818183
1404	9.571701	111	0.08172703603603602
1405	5.168707	51	0.09154327450980393
1406	6.589252	66	0.09226139393939393
1407	4.756644	52	0.08185853846153845
1408	7.632608	78	0.09144369230769231
1409	7.967166	79	0.09452108860759494
1410	7.352063	81	0.08459337037037037
1411	7.66898	83	0.08637325301204819
1412	5.755147	70	0.07507352857142857
1413	8.210249	104	0.07413700961538461
1414	6.585805	82	0.07421713414634146
1415	5.683628	70	0.07405182857142857
1416	9.958821	116	0.0815415603448276
1417	5.038458	57	0.0796220701754386
1418	8.477324	87	0.09169337931034482
1419	8.767891	103	0.080270786407767
1420	4.392653	46	0.08462289130434783
1421	4.828481	59	0.07336408474576271
1422	4.479773	47	0.08467602127659574
1423	6.131746	75	0.07508994666666666
1424	5.239909	63	0.07523665079365079
1425	5.501179	61	0.08198654098360655
1426	6.634739	85	0.0721734
1427	5.13932	68	0.06822529411764705
1428	4.857959	59	0.07386371186440678
1429	16.913832	183	0.08969307103825136
1430	7.98059	85	0.0880069411764706
1431	6.638776	82	0.07486312195121951
1432	4.976417	59	0.07587147457627118
1433	10.586712	133	0.07583993984962406
1434	5.049569	58	0.0784408448275862
1435	6.35678	66	0.0887390909090909
1436	7.806349	74	0.09873444594594595
1437	4.106032	44	0.08195527272727272
1438	18.184943	194	0.0911595
1439	5.727438	84	0.062231404761904766
1440	5.956009	73	0.0747398493150685
1441	7.2361	80	0.08420125
1442	7.963764	88	0.0848155
1443	7.348481	70	0.09783544285714285
1444	12.547528	133	0.09058291729323308
1445	18.772834	210	0.08701349523809523
1446	8.406531	90	0.08785034444444444
1447	6.234875	63	0.0910297619047619
1448	7.465896	80	0.0870737
1449	5.623356	61	0.08398944262295083
1450	5.840181	64	0.083440328125
1451	11.749796	121	0.09297352066115702
1452	7.477324	71	0.09827216901408452
1453	7.105941	78	0.08469155128205128
1454	6.982358	71	0.09130081690140844
1455	6.750658	79	0.07912225316455695
1456	7.777188	79	0.09211630379746835
1457	8.114921	85	0.08958730588235295
1458	5.921814	78	0.0695104358974359
1459	10.097959	112	0.08569606249999999
1460	5.063356	61	0.07480911475409836
1461	8.579683	86	0.09394980232558138
1462	5.323447	60	0.08039078333333333
1463	7.438367	77	0.09010866233766235
1464	5.01873	62	0.07288274193548387
1465	8.136916	90	0.08485462222222222
1466	7.240499	74	0.09108782432432432
1467	5.253197	67	0.07094323880597016
1468	7.644898	77	0.09279088311688312
1469	6.205261	80	0.0713157625
1470	8.516372	98	0.0817997142857143
1471	11.11551	145	0.07321041379310345
1472	7.219728	82	0.08194790243902439
1473	5.585986	68	0.07479391176470589
1474	8.757234	95	0.08691825263157896
1475	8.225896	79	0.09779615189873418
1476	10.788889	124	0.08297491129032257
1477	5.89746	76	0.07101921052631578
1478	7.052154	74	0.08854262162162162
1479	17.712517	178	0.09669953370786516
1480	6.46712	60	0.09945200000000001
1481	8.461088	98	0.08123559183673469
1482	11.544218	129	0.08561409302325582
1483	4.547211	59	0.06859679661016949
1484	7.964762	89	0.08387373033707865
1485	9.09619	102	0.08427637254901961
1486	5.90907	70	0.07727242857142858
1487	7.763628	91	0.0798200879120879
1488	6.357868	72	0.08135927777777778
1489	10.830385	96	0.10760817708333333
1490	6.242449	62	0.09262014516129032
1491	5.429932	71	0.06943566197183099
1492	10.6878	118	0.08633728813559322
1493	6.273016	61	0.09463960655737705
1494	5.312109	70	0.06874441428571429
1495	5.938095	69	0.07881297101449275
1496	10.387755	105	0.09416909523809525
1497	4.851202	56	0.07770003571428571
1498	5.885034	68	0.07919167647058824
1499	4.785079	55	0.07791052727272726
1500	8.827075	105	0.07930547619047619
1501	7.334422	72	0.09492252777777778
1502	14.864943	184	0.07807034239130435
1503	9.903764	97	0.09694602061855671
1504	5.809478	75	0.07079304
1505	7.75093	89	0.08147112359550562
1506	10.402177	115	0.08610588695652174
1507	7.726803	83	0.08706991566265061
1508	8.986848	90	0.09429831111111112
1509	9.161905	103	0.0840961650485437
1510	5.300862	65	0.07385941538461539
1511	4.673016	48	0.08693783333333333
1512	5.406531	57	0.08607949122807018
1513	5.008435	57	0.079095350877193
1514	4.377188	55	0.07049432727272728
1515	5.619274	73	0.07012704109589041
1516	4.59746	54	0.07587888888888888
1517	7.688571	88	0.08168830681818182
1518	6.255374	80	0.071942175
1519	5.328707	62	0.07788237096774193
1520	8.851791	104	0.0803056826923077
1521	7.70059	84	0.08572130952380952
1522	6.157052	74	0.07644664864864865
1523	9.672834	115	0.07976377391304348
1524	4.923492	59	0.0749744406779661
1525	4.303673	53	0.07176741509433962
1526	4.925714	60	0.0737619
1527	7.765533	94	0.07729290425531915
1528	5.124354	67	0.06902020895522389
1529	6.161633	76	0.07449517105263158
1530	5.810023	73	0.07274004109589041
1531	8.851156	91	0.09177094505494506
1532	7.649025	95	0.0752528947368421
1533	4.273696	56	0.06738742857142857
1534	4.406168	56	0.069753
1535	11.234875	129	0.08321608527131784
1536	7.503946	94	0.07451006382978724
1537	6.489524	83	0.07216293975903615
1538	5.588163	70	0.07268804285714285
1539	5.102222	59	0.0780037627118644
1540	5.300227	63	0.07619407936507935
1541	6.018821	64	0.086231578125
1542	7.932971	84	0.08848775
1543	5.007574	62	0.07270280645161291
1544	7.419138	73	0.09478271232876713
1545	7.539501	80	0.08799376249999999
1546	4.507029	49	0.08177610204081633
1547	6.281814	85	0.06802134117647059
1548	6.837506	96	0.0660156875
1549	6.949705	83	0.0777072891566265
1550	4.149796	42	0.08689990476190476
1551	6.063175	78	0.07132275641025641
1552	7.895465	93	0.07952112903225807
1553	6.630023	77	0.07961068831168831
1554	5.461179	60	0.08268631666666666
1555	14.229932	157	0.08745179617834395
1556	7.503537	84	0.08337544047619047
1557	5.068844	67	0.06819170149253732
1558	5.043175	58	0.07833060344827586
1559	8.257234	107	0.07249751401869159
1560	6.351293	67	0.08733273134328358
1561	6.97551	77	0.08409753246753246
1562	4.572336	54	0.07541362962962962
1563	5.937551	74	0.07348041891891892
1564	5.080499	64	0.071570296875
1565	6.915918	65	0.09870643076923076
1566	5.056644	56	0.08136864285714286
1567	7.686621	89	0.08074855056179775
1568	10.751338	139	0.07375063309352518
1569	7.656553	91	0.07864343956043955
1570	5.063991	60	0.07606651666666667
1571	6.842993	67	0.09467153731343284
1572	7.350839	82	0.08354681707317073
1573	11.495147	131	0.08393241984732824
1574	6.86254	80	0.07953175
1575	6.118503	71	0.07913384507042252
1576	8.619728	95	0.08547082105263158
1577	9.868163	124	0.07554970161290323
1578	7.243129	81	0.0832485061728395
1579	6.315329	77	0.07552375324675326
1580	4.332971	42	0.09126121428571428
1581	5.395828	67	0.07307205970149254
1582	6.061315	83	0.06700379518072289
1583	4.937234	70	0.06338905714285714
1584	10.673696	119	0.08549324369747899
1585	6.684898	91	0.06796591208791208
1586	11.450703	134	0.08172166417910448
1587	8.760952	102	0.08098972549019608
1588	15.176916	191	0.07684249214659686
1589	7.306485	81	0.08403067901234568
1590	8.041043	96	0.07855253125
1591	5.104218	60	0.07673696666666667
1592	11.561769	118	0.09374380508474577
1593	9.206939	116	0.07505981896551725
1594	12.33551	133	0.0889887969924812
1595	17.459184	200	0.08479592
1596	4.827029	59	0.07333947457627119
1597	5.180363	64	0.073130671875
1598	4.277778	47	0.08037825531914893
1599	5.445442	76	0.06507160526315789
1600	5.699093	63	0.08252528571428572
1601	5.231882	60	0.0788647
1602	4.435465	54	0.07287898148148148
1603	15.139456	163	0.08981261349693251
1604	6.233878	78	0.07351125641025641
1605	7.875057	87	0.08477077011494252
1606	5.000998	55	0.08183632727272727
1607	4.417687	54	0.07254975925925926
1608	5.608662	70	0.07298088571428571
1609	4.805669	60	0.07176115
1610	9.848844	118	0.07922749152542373
1611	5.591338	67	0.07599011940298508
1612	9.427029	106	0.08421725471698112
1613	5.346259	73	0.0663871095890411
1614	11.936871	130	0.08797593076923077
1615	4.717914	53	0.07958328301886793
1616	9.558005	114	0.07945618421052632
1617	10.116145	116	0.08289780172413792
1618	9.689161	113	0.08132000884955752
1619	6.952245	75	0.08602993333333332
1620	5.428571	69	0.0714285652173913
1621	6.1678	79	0.07174430379746835
1622	4.091791	41	0.08760465853658536
1623	6.239229	64	0.089675453125
1624	11.502132	124	0.08872687096774193
1625	7.468027	82	0.08497593902439024
1626	7.275329	75	0.09033772
1627	5.26195	63	0.07558650793650794
1628	7.554966	100	0.07054966
1629	7.681315	85	0.08448605882352941
1630	6.441723	82	0.07246003658536584
1631	7.66907	75	0.0955876
1632	4.087937	53	0.0676969245283019
1633	7.526259	79	0.08893998734177215
1634	4.750476	57	0.07456975438596491
1635	10.379773	140	0.07056980714285714
1636	12.6961	146	0.0835349315068493
1637	5.654422	68	0.07580032352941177
1638	10.567619	128	0.0786532734375
1639	4.275238	43	0.08779623255813954
1640	7.902041	87	0.08508093103448275
1641	4.924082	54	0.08192744444444446
1642	8.835692	106	0.0786386037735849
1643	7.274875	69	0.09818659420289855
1644	5.31932	63	0.07649714285714286
1645	6.556508	81	0.0747717037037037
1646	5.346485	59	0.08214381355932204
1647	9.737279	115	0.0803241652173913
1648	7.095964	83	0.07946944578313253
1649	8.241315	107	0.07234873831775701
1650	10.849478	136	0.07609910294117647
1651	7.907256	107	0.06922669158878506
1652	6.640454	77	0.07974615584415584
1653	10.927528	137	0.07611334306569344
1654	4.486485	51	0.0781663725490196
1655	4.683447	61	0.06858109836065573
1656	12.639909	142	0.08549231690140845
1657	5.631791	76	0.06752356578947367
1658	8.497098	107	0.0747392336448598
1659	4.851383	59	0.07375225423728814
1660	10.941542	137	0.07621563503649635
1661	6.385805	70	0.08408292857142857
1662	5.32381	70	0.06891157142857143
1663	5.712063	80	0.0651507875
1664	6.083084	82	0.06808639024390245
1665	5.452426	73	0.06784145205479453
1666	6.356054	78	0.0750776153846154
1667	5.388662	67	0.07296510447761194
1668	8.341088	93	0.08431277419354838
1669	8.897188	109	0.07703842201834862
1670	12.044898	157	0.0735343821656051
1671	7.699501	86	0.08371512790697674
1672	5.173243	62	0.0753748870967742
1673	4.545125	51	0.07931617647058822
1674	9.312154	105	0.08392527619047618
1675	8.370476	104	0.07567765384615385
1676	4.495238	55	0.07264069090909091
1677	6.067937	77	0.07231087012987013
1678	7.274649	67	0.10111416417910447
1679	7.239683	84	0.08023432142857143
1680	5.7922	71	0.07453802816901409
1681	6.462358	82	0.07271168292682927
1682	4.199728	47	0.07871761702127661
1683	7.480907	85	0.08212831764705883
1684	7.557415	91	0.07755401098901099
1685	4.94263	61	0.07283
1686	6.456599	87	0.06846665517241379
1687	5.084218	61	0.07515111475409836
1688	5.297959	71	0.06757688732394365
1689	8.291927	99	0.07870633333333332
1690	7.422993	80	0.0865374125
1691	4.847891	63	0.06901414285714286
1692	4.358186	53	0.07279596226415094
1693	7.694875	84	0.08565327380952381
1694	6.869433	81	0.07863497530864197
1695	6.065488	80	0.06956860000000001
1696	3.957098	42	0.08231185714285713
1697	6.740136	87	0.07172570114942528
1698	7.618912	84	0.08474895238095238
1699	5.258005	62	0.07674201612903225
1700	5.77102	71	0.07423971830985916
1701	14.618322	146	0.09670083561643834
1702	4.84644	65	0.0668683076923077
1703	5.959274	67	0.0814817014925373
1704	6.782358	81	0.07755997530864198
1705	4.103492	51	0.07065670588235294
1706	5.444082	69	0.07165336231884058
1707	16.868798	195	0.08394255384615386
1708	8.830794	99	0.08414943434343433
1709	8.472698	103	0.07740483495145631
1710	17.379546	175	0.09645454857142857
1711	9.14966	97	0.0891717525773196
1712	16.384898	170	0.09344057647058823
1713	4.584989	54	0.07564794444444445
1714	8.29229	103	0.07565330097087378
1715	4.955601	54	0.08251112962962963
1716	5.91746	72	0.0752425
1717	5.079592	55	0.0832653090909091
1718	6.415238	82	0.07213704878048781
1719	7.36517	89	0.07713674157303371
1720	5.369116	68	0.07160464705882352
1721	4.150975	42	0.08692797619047618
1722	6.454558	61	0.09761570491803279
1723	3.97102	45	0.07713377777777779
1724	5.502494	67	0.07466408955223881
1725	5.261678	63	0.07558219047619047
1726	5.574875	68	0.07463051470588235
1727	5.235011	61	0.07762313114754099
1728	5.187937	67	0.06996920895522388
1729	8.331066	89	0.08798950561797753
1730	5.660499	57	0.09053507017543859
1731	10.884717	115	0.09030188695652173
1732	6.983764	83	0.07811763855421687
1733	6.744626	69	0.09050182608695652
1734	8.412971	99	0.079929
1735	7.843447	80	0.09179308750000001
1736	7.910295	78	0.09500378205128204
1737	12.310703	116	0.10181640517241379
1738	5.124853	60	0.07708088333333334
1739	11.839138	123	0.09218811382113822
1740	4.232925	44	0.08483920454545454
1741	5.639002	57	0.0901579298245614
1742	6.46	82	0.07268292682926829
1743	5.838957	57	0.09366591228070174
1744	5.025125	63	0.07182738095238095
1745	9.412063	115	0.0774962
1746	10.703311	135	0.07558008148148147
1747	4.230476	45	0.08289946666666667
1748	5.462676	71	0.06989684507042254
1749	4.159955	51	0.07176382352941177
1750	11.814512	123	0.0919879024390244
1751	4.58254	54	0.0756025925925926
1752	9.804308	119	0.07818746218487395
1753	7.895147	84	0.08803746428571428
1754	11.126168	117	0.09082194871794871
1755	6.036145	64	0.086502265625
1756	5.336599	57	0.08485261403508772
1757	12.477324	139	0.08616779856115107
1758	12.099909	138	0.0840573115942029
1759	12.632789	157	0.07727891082802549
1760	12.427029	141	0.08458885815602836
1761	14.323946	175	0.07899397714285714
1762	5.924535	70	0.07749335714285714
1763	6.410839	64	0.092356859375
1764	4.057868	45	0.07906373333333333
1765	4.608844	59	0.06964142372881356
1766	11.12898	114	0.09323666666666668
1767	8.976689	103	0.08229795145631068
1768	7.151746	85	0.07825583529411764
1769	4.307664	51	0.07466007843137255
1770	8.358095	103	0.07629218446601942
1771	7.096327	80	0.0824540875
1772	17.002766	179	0.09219422346368716
1773	5.836236	57	0.0936181754385965
1774	12.686304	145	0.08404347586206896
1775	20.851474	212	0.09599751886792453
1776	5.178413	53	0.08827194339622642
1777	6.940771	84	0.07667584523809523
1778	8.860045	96	0.08708380208333333
1779	12.78068	150	0.0818712
1780	10.509841	122	0.08204787704918033
1781	12.885397	148	0.08368511486486487
1782	5.654059	62	0.08312998387096775
1783	6.147392	65	0.08688295384615384
1784	6.421179	65	0.09109506153846154
1785	5.585533	63	0.08072274603174603
1786	15.506712	188	0.07982293617021277
1787	12.209977	139	0.08424443884892087
1788	10.093379	125	0.076747032
1789	5.186168	65	0.07209489230769231
1790	5.245215	68	0.06978257352941176
1791	10.463311	114	0.08739746491228069
1792	8.091247	96	0.07907548958333332
1793	7.66449	85	0.08428811764705882
1794	14.021315	170	0.07953714705882353
1795	4.163991	51	0.07184296078431374
1796	8.14195	88	0.0868403409090909
1797	9.586576	120	0.07572146666666667
1798	7.986893	100	0.07486893
1799	10.314649	108	0.09087637962962962
1800	5.895193	67	0.08052526865671641
1801	4.307846	47	0.08101799999999999
1802	11.859501	144	0.07888542361111112
1803	3.761633	44	0.07412802272727272
1804	8.752063	104	0.07934675961538461
1805	12.650884	136	0.08934473529411764
1806	13.153515	165	0.0766879696969697
1807	11.362766	127	0.08553359055118111
1808	8.872381	102	0.08208216666666668
1809	4.446893	48	0.0822269375
1810	6.812744	75	0.08416992000000001
1811	7.954376	94	0.07930187234042553
1812	6.485034	72	0.08312547222222222
1813	17.775556	185	0.09338138378378379
1814	6.509252	77	0.07804223376623377
1815	6.369841	84	0.06987905952380953
1816	7.728209	82	0.08814889024390243
1817	13.1961	160	0.079350625
1818	6.693605	67	0.09244186567164178
1819	7.794104	81	0.09005066666666667
1820	4.230748	50	0.07461496000000001
1821	5.475465	65	0.07654561538461538
1822	4.445488	48	0.08219766666666667
1823	6.148435	80	0.0706054375
1824	5.113424	57	0.08093726315789473
1825	5.525215	62	0.08105185483870968
1826	7.865079	78	0.09442408974358973
1827	13.7722	157	0.08453630573248408
1828	8.710204	87	0.09437016091954022
1829	5.106712	71	0.0648832676056338
1830	4.255465	51	0.07363656862745098
1831	5.578912	76	0.06682778947368422
1832	4.487256	58	0.06874579310344828
1833	6.352562	77	0.0760072987012987
1834	5.087846	67	0.06847531343283582
1835	7.576009	79	0.08956973417721519
1836	15.583628	188	0.08023206382978723
1837	5.085261	67	0.06843673134328358
1838	12.00068	142	0.08099070422535211
1839	4.390703	49	0.07940210204081632
1840	11.809388	143	0.07908662937062937
1841	13.351066	155	0.08291010322580644
1842	6.758594	58	0.10790679310344828
1843	6.908889	76	0.08432748684210527
1844	18.695193	199	0.09143313065326633
1845	9.692925	109	0.08433876146788992
1846	13.883311	157	0.08524401910828026
1847	13.161723	141	0.08979945390070922
1848	6.315193	70	0.08307418571428571
1849	7.336417	64	0.106819015625
1850	15.846667	177	0.08670433333333333
1851	12.528617	141	0.08530934042553191
1852	15.28322	130	0.11371707692307692
1853	7.064218	79	0.08309136708860759
1854	5.081043	56	0.08180433928571429
1855	7.248163	75	0.08997550666666666
1856	9.506032	114	0.07900028070175438
1857	5.824399	61	0.08728522950819671
1858	11.227392	120	0.08939493333333333
1859	7.021043	71	0.09184567605633802
1860	7.32195	75	0.09095933333333334
1861	5.113469	56	0.08238337500000001
1862	10.998186	123	0.08535110569105692
1863	12.860045	163	0.07582849693251534
1864	4.052744	45	0.07894986666666666
1865	7.018639	77	0.08465764935064936
1866	5.27102	62	0.07695193548387097
1867	4.416145	52	0.07531048076923078
1868	4.722993	53	0.07967911320754717
1869	8.062721	91	0.08310682417582417
1870	7.429206	76	0.09117376315789473
1871	13.277914	151	0.08462194701986755
1872	6.798458	64	0.09841340625
1873	13.384535	147	0.08764989795918367
1874	6.530975	69	0.08740543478260869
1875	8.40195	100	0.07901949999999999
1876	5.028481	60	0.07547468333333333
1877	5.065669	68	0.06714219117647058
1878	8.54907	86	0.09359383720930232
1879	4.529433	51	0.07900849019607843
1880	3.892971	44	0.07711297727272727
1881	8.556689	121	0.06658420661157025
1882	12.311565	147	0.08035078231292517
1883	8.257642	80	0.096970525
1884	12.438277	139	0.08588688489208633
1885	14.206757	150	0.09137838
1886	5.030295	54	0.08389435185185184
1887	9.354331	109	0.08123239449541285
1888	4.295737	48	0.07907785416666667
1889	9.906667	118	0.07971751694915255
1890	5.310249	63	0.07635315873015873
1891	9.035329	99	0.08621544444444446
1892	10.630204	113	0.08964782300884956
1893	4.862812	54	0.08079281481481482
1894	4.92195	58	0.07624051724137931
1895	6.733878	69	0.09034605797101448
1896	4.778413	54	0.07922987037037037
1897	5.517959	59	0.08505015254237289
1898	5.462857	63	0.07877550793650794
1899	5.752517	63	0.08337328571428572
1900	4.920635	50	0.0884127
1901	6.849433	61	0.1040890655737705
1902	4.975283	55	0.08136878181818182
1903	9.719592	101	0.09128308910891089
1904	10.878776	125	0.08303020800000001
1905	10.343764	105	0.09375013333333333
1906	5.558458	65	0.07782243076923077
1907	7.226349	78	0.08623524358974359
1908	7.52449	76	0.0924275
1909	9.88585	101	0.09292920792079208
1910	8.826893	98	0.08496829591836735
1911	10.321995	118	0.08323724576271185
1912	7.261633	70	0.09659475714285715
1913	4.413741	55	0.07115892727272727
1914	9.56195	115	0.0787995652173913
1915	8.639229	93	0.08751859139784947
1916	3.746259	42	0.07729188095238095
1917	10.230295	118	0.08246012711864406
1918	8.385351	89	0.08859944943820225
1919	22.0439	222	0.0970445945945946
1920	5.710023	66	0.07893974242424241
1921	9.917596	97	0.09708861855670103
1922	11.548163	109	0.10135929357798165
1923	14.769342	168	0.08493655952380952
1924	17.612789	200	0.085563945
1925	4.347302	48	0.080152125
1926	11.635193	139	0.08010930215827337
1927	16.727483	197	0.08237301015228427
1928	5.570295	70	0.07243278571428571
1929	11.489116	120	0.09157596666666666
1930	6.669751	73	0.08451713698630137
1931	13.826213	139	0.09587203597122301
1932	6.01941	57	0.0968317543859649
1933	5.277596	53	0.09014332075471698
1934	5.125669	59	0.07840116949152542
1935	11.456961	112	0.09783000892857142
1936	5.207347	57	0.0825850350877193
1937	11.181678	115	0.09288415652173913
1938	11.689615	106	0.10556240566037736
1939	5.826485	65	0.08194592307692307
1940	10.6961	107	0.09529065420560748
1941	7.045306	75	0.08727074666666666
1942	4.931973	50	0.08863946
1943	9.406349	96	0.09277446875
1944	13.735374	150	0.08823582666666667
1945	22.842993	208	0.10741823557692308
1946	10.905215	128	0.0812907421875
1947	9.949342	119	0.07940623529411764
1948	14.117868	147	0.09263855782312926
1949	5.889252	66	0.08165533333333333
1950	12.981542	135	0.09245586666666666
1951	4.178186	48	0.076628875
1952	11.768073	126	0.08942915079365078
1953	17.686939	199	0.08636652763819094
1954	15.291746	158	0.09361864556962025
1955	13.87034	166	0.08054421686746989
1956	5.856145	64	0.083689765625
1957	5.028617	58	0.07807960344827586
1958	5.579365	60	0.08465608333333334
1959	11.69941	133	0.08420609022556391
1960	7.475011	87	0.08017254022988506
1961	6.938322	76	0.08471476315789474
1962	4.942404	61	0.07282629508196721
1963	6.413878	69	0.08570837681159421
1964	4.897188	47	0.0935571914893617
1965	6.947302	70	0.09210431428571428
1966	5.990431	69	0.07957146376811594
1967	13.666621	156	0.08440141666666666
1968	7.194104	88	0.07606936363636364
1969	10.575601	117	0.08611624786324787
1970	10.562585	129	0.07800453488372093
1971	4.805079	55	0.07827416363636364
1972	5.587438	63	0.08075298412698412
1973	5.368571	61	0.0798126393442623
1974	7.427392	77	0.08996612987012988
1975	21.258231	217	0.09566005069124424
1976	9.936281	105	0.08986934285714285
1977	5.18576	55	0.08519563636363636
1978	9.489116	100	0.08989116
1979	4.376145	53	0.07313481132075472
1980	15.857778	161	0.09538992546583851
1981	4.513515	56	0.07166991071428572
1982	13.243084	124	0.1027668064516129
1983	9.836916	121	0.07716459504132232
1984	4.815646	50	0.08631292
1985	8.282041	86	0.0904888488372093
1986	10.701859	106	0.09624395283018869
1987	4.43161	55	0.07148381818181818
1988	8.818549	89	0.09346684269662922
1989	10.681179	119	0.08555612605042016
1990	16.861497	177	0.0924378361581921
1991	8.904898	96	0.08755102083333333
1992	9.413605	101	0.08825351485148515
1993	14.373605	161	0.0861714596273292
1994	8.040499	88	0.08568748863636365
1995	15.917642	176	0.08760023863636364
1996	6.065714	70	0.0795102
1997	6.458957	70	0.08512795714285715
1998	12.105442	124	0.09359227419354839
1999	6.934059	76	0.08465867105263158
2000	6.178821	64	0.088731578125
2001	9.286893	105	0.08368469523809523
2002	8.071519	95	0.0797002
2003	13.929388	131	0.10251441221374046
2004	9.924172	118	0.07986586440677966
2005	9.320771	100	0.08820771000000001
2006	7.440499	81	0.08568517283950618
2007	8.6961	100	0.08196099999999999
2008	5.905714	57	0.09483708771929825
2009	7.490068	84	0.08321509523809524
2010	8.298685	93	0.08385682795698926
2011	9.709524	111	0.08296868468468468
2012	5.241406	57	0.08318256140350877
2013	7.715782	83	0.08693713253012048
2014	8.618186	96	0.08456443749999999
2015	14.696281	166	0.08551976506024096
2016	10.659819	112	0.09071266964285715
2017	8.305306	99	0.07884147474747474
2018	7.079138	70	0.09398768571428572
2019	7.415918	81	0.0853817037037037
2020	11.894558	123	0.09263868292682927
2021	9.134467	90	0.09593852222222223
2022	11.182993	113	0.0945397610619469
2023	15.161224	157	0.0933835923566879
2024	16.061179	180	0.08645099444444444
2025	9.332653	90	0.0981405888888889
2026	5.847574	54	0.09902914814814814
2027	9.249751	105	0.0833309619047619
2028	8.578231	86	0.09393291860465117
2029	12.272109	114	0.10326411403508773
2030	17.369252	175	0.09639572571428572
2031	9.462222	106	0.0845492641509434
2032	8.397732	93	0.08492184946236558
2033	7.933605	79	0.09409626582278481
2034	15.066621	143	0.10186448251748252
2035	7.932109	89	0.08350684269662921
2036	8.383628	82	0.09614180487804878
2037	15.863175	179	0.08582779329608939
2038	6.636735	79	0.07768018987341772
2039	17.808753	164	0.1055411768292683
2040	5.748345	56	0.09372044642857143
2041	8.749705	87	0.09482419540229886
2042	18.558141	200	0.090290705
2043	6.735147	60	0.10391911666666667
2044	15.781723	159	0.09611146540880502
2045	11.765261	136	0.08283280147058825
2046	11.456236	124	0.08835674193548387
2047	9.942812	101	0.09349318811881188
2048	18.550204	191	0.09450368586387435
2049	9.584626	87	0.10442098850574713
2050	12.142585	135	0.08624137037037037
2051	12.623719	129	0.09398231782945736
2052	6.569116	69	0.08795820289855073
2053	17.596054	187	0.0914227486631016
2054	5.288662	60	0.07981103333333334
2055	5.549751	54	0.0935139074074074
2056	9.760998	99	0.09354543434343435
2057	10.979184	111	0.09440706306306307
2058	7.63093	85	0.08389329411764707
2059	11.46127	123	0.0891160162601626
2060	10.435737	114	0.08715558771929824
2061	7.398639	79	0.08732454430379748
2062	11.645034	126	0.0884526507936508
2063	13.91678	160	0.083854875
2064	13.052381	152	0.08258145394736842
2065	10.919955	105	0.09923766666666667
2066	9.267347	82	0.10691886585365852
2067	14.190794	155	0.08832770322580645
2068	12.085805	132	0.08777125000000001
2069	9.23415	103	0.08479757281553398
2070	6.416825	65	0.09102807692307692
2071	7.318186	66	0.10330584848484849
2072	6.912381	71	0.09031522535211267
2073	10.96898	120	0.0872415
2074	13.79873	157	0.08470528662420383
2075	6.643401	78	0.07876155128205128
2076	6.083764	70	0.07976805714285715
2077	8.090159	92	0.08250172826086956
2078	13.076553	118	0.10658095762711865
2079	11.877279	127	0.08958487401574802
2080	8.653968	90	0.09059964444444445
2081	8.297052	92	0.08475056521739131
2082	12.646939	133	0.09133036842105263
2083	7.637188	80	0.08921485
2084	17.056054	179	0.0924919217877095
2085	9.291882	100	0.08791882
2086	8.063537	83	0.09112695180722892
2087	15.391927	135	0.11031057037037037
2088	15.476145	140	0.10697246428571429
2089	10.417234	107	0.09268442990654206
2090	7.253469	68	0.09931572058823529
2091	16.862585	183	0.08941303278688524
2092	8.125034	70	0.10892905714285714
2093	7.940862	93	0.0800092688172043
2094	8.071973	88	0.08604514772727273
2095	9.475283	99	0.09065942424242424
2096	7.420771	81	0.08544161728395062
2097	7.976145	82	0.0911725
2098	6.749388	69	0.09057084057971014
2099	10.730658	118	0.08670049152542372
2100	10.665896	99	0.10268581818181818
2101	4.728118	54	0.07829848148148148
2102	9.290249	87	0.1010373448275862
2103	9.209161	87	0.10010529885057472
2104	10.191565	111	0.0873113963963964
2105	6.923764	70	0.09176805714285714
2106	11.106712	113	0.09386470796460177
2107	10.642404	96	0.10565004166666668
2108	8.911837	80	0.1051479625
2109	16.276689	163	0.09678950306748467
2110	6.262766	61	0.0944715737704918
2111	12.519365	113	0.10636606194690267
2112	7.793333	80	0.0911666625
2113	8.562222	90	0.08958024444444444
2114	5.319728	63	0.07650361904761904
2115	12.323673	138	0.08567878985507246
2116	7.547891	81	0.087011
2117	16.004853	183	0.08472597267759563
2118	10.301224	117	0.0837711452991453
2119	13.876644	141	0.09486981560283689
2120	10.960136	110	0.09509214545454546
2121	6.779229	67	0.09371983582089552
2122	16.024399	159	0.09763772955974842
2123	13.488299	135	0.09620962222222222
2124	10.844807	118	0.08766785593220339
2125	8.499274	84	0.09522945238095237
2126	6.331927	61	0.09560536065573771
2127	12.948571	138	0.09020703623188406
2128	10.334422	100	0.09834422
2129	9.316145	82	0.10751396341463415
2130	10.309388	98	0.10009579591836736
2131	11.302086	118	0.09154310169491525
2132	10.404082	103	0.0961561359223301
2133	8.95932	83	0.10191951807228916
2134	18.000136	202	0.08663433663366338
2135	7.265986	78	0.08674341025641026
2136	9.497234	99	0.09088115151515153
2137	7.656417	85	0.08419314117647059
2138	12.731519	138	0.08863419565217391
2139	17.915646	186	0.09363250537634409
2140	7.085941	73	0.0902183698630137
2141	10.501088	109	0.09175310091743119
2142	8.182313	85	0.09038015294117648
2143	6.49424	81	0.07400296296296295
2144	8.05288	92	0.08209652173913043
2145	18.57356	193	0.09364538860103627
2146	11.326939	113	0.09581361946902654
2147	8.471111	98	0.08133786734693878
2148	9.615011	92	0.09907620652173914
2149	8.121633	92	0.08284383695652173
2150	16.609116	169	0.09532021301775148
2151	14.955646	166	0.0870822048192771
2152	7.073696	73	0.0900506301369863
2153	14.113243	133	0.1023552105263158
2154	10.150522	116	0.0831941551724138
2155	6.921315	77	0.0833937012987013
2156	5.72195	56	0.09324910714285714
2157	6.466259	68	0.08773910294117647
2158	11.055147	117	0.09021493162393163
2159	9.957052	104	0.0909331923076923
2160	8.442313	103	0.07710983495145632
2161	14.714195	163	0.08720365030674847
2162	10.400499	91	0.1087966923076923
2163	9.39737	115	0.0773684347826087
2164	5.124036	56	0.08257207142857144
2165	6.767891	82	0.07643769512195121
2166	6.33542	68	0.085815
2167	6.995828	82	0.07921741463414635
2168	10.543129	111	0.09047863963963965
2169	9.816417	97	0.09604553608247422
2170	12.740771	149	0.0821528255033557
2171	14.797642	179	0.07987509497206703
2172	6.854875	65	0.0977673076923077
2173	9.952245	95	0.09949731578947368
2174	7.096961	79	0.08350583544303798
2175	10.644263	110	0.09222057272727273
2176	7.738367	94	0.07700390425531915
2177	5.941905	69	0.07886818840579711
2178	18.699501	170	0.10705588823529413
2179	7.163991	65	0.10252293846153847
2180	13.090567	136	0.09257769852941176
2181	8.808073	96	0.08654242708333333
2182	6.497687	76	0.07891693421052631
2183	7.154785	69	0.09644615942028986
2184	16.259365	173	0.09109459537572254
2185	7.113107	77	0.0858845064935065
2186	9.777234	107	0.0867031214953271
2187	8.497143	90	0.08885714444444444
2188	7.038231	76	0.08602935526315789
2189	8.881723	98	0.08552778571428571
2190	9.241406	84	0.10406435714285714
2191	6.254422	63	0.09134003174603174
2192	5.284535	51	0.09381441176470588
2193	16.555147	180	0.08919526111111112
2194	6.144626	59	0.09567162711864406
2195	7.436599	85	0.08160704705882353
2196	12.553016	147	0.08199330612244897
2197	12.702766	150	0.08135177333333334
2198	6.990522	63	0.10302415873015873
2199	17.236054	182	0.09195634065934065
2200	16.097415	169	0.09229239644970415
2201	6.75424	72	0.08686444444444445
2202	9.687937	116	0.07920635344827585
2203	9.678866	123	0.07462492682926829
2204	11.632063	134	0.08307509701492538
2205	8.134331	81	0.09425099999999999
2206	10.82	118	0.08745762711864408
2207	12.29737	134	0.08804007462686568
2208	8.506848	92	0.08703095652173913
2209	5.378912	60	0.08131519999999999
2210	15.92839	190	0.08120205263157895
2211	5.023537	61	0.07415634426229509
2212	13.255057	135	0.09448190370370371
2213	13.265261	137	0.09317708759124088
2214	11.213605	112	0.09565718749999999
2215	11.606304	138	0.08048046376811593
2216	6.368662	58	0.10118382758620689
2217	13.636463	158	0.08314217088607595
2218	8.402041	89	0.0887869775280899
2219	13.129161	116	0.1088720775862069
2220	11.268844	115	0.09364212173913043
2221	9.79093	95	0.09779926315789474
2222	16.975646	191	0.08625992670157069
2223	11.910522	128	0.089144703125
2224	11.46322	132	0.08305469696969697
2225	6.940408	64	0.100631375
2226	7.211383	82	0.08184613414634145
2227	6.071882	68	0.08193944117647058
2228	9.416644	96	0.09288170833333333
2229	18.226122	195	0.09090318974358974
2230	5.89229	54	0.09985722222222222
2231	15.149977	160	0.09156235625
2232	8.858005	107	0.07811219626168224
2233	12.353923	144	0.08231890972222222
2234	10.113152	107	0.08984254205607477
2235	11.343401	118	0.09189322881355932
2236	8.398005	84	0.09402386904761904
2237	14.767392	148	0.0964012972972973
2238	4.829433	52	0.08325832692307691
2239	14.672925	151	0.09386043046357616
2240	6.158322	66	0.08573215151515151
2241	8.538005	108	0.07442597222222222
2242	5.520499	48	0.10459372916666666
2243	11.229025	122	0.08794282786885246
2244	7.857687	78	0.09432932051282052
2245	9.989206	99	0.09585056565656565
2246	25.737642	248	0.10176468548387098
2247	8.006122	81	0.09266817283950617
2248	6.406893	73	0.08091634246575342
2249	8.731383	88	0.09353844318181817
2250	14.87737	161	0.0893004347826087
2251	16.487937	187	0.08549698930481282
2252	8.763764	93	0.08885767741935484
2253	9.618549	96	0.09498488541666666
2254	12.004989	126	0.0913094365079365
2255	11.433605	115	0.09507482608695653
2256	12.831066	151	0.08166268874172185
2257	9.002857	110	0.07729870000000001
2258	7.779093	89	0.0817875617977528
2259	7.892744	74	0.09990194594594595
2260	6.448481	71	0.08378142253521127
2261	12.280408	129	0.091320992248062
2262	6.32458	58	0.10042379310344828
2263	11.511927	120	0.09176605833333333
2264	4.897415	55	0.079953
2265	12.645442	108	0.11245779629629629
2266	8.422585	87	0.09106419540229885
2267	11.02517	117	0.08995871794871795
2268	4.714059	57	0.0739308596491228
2269	11.832018	120	0.09443348333333333
2270	8.760408	96	0.08604591666666667
2271	11.463673	121	0.09060886776859504
2272	15.995828	167	0.09278938922155688
2273	10.96712	105	0.09968685714285713
2274	6.829796	75	0.08439728
2275	4.397143	53	0.073531
2276	12.548299	144	0.08366874305555555
2277	8.295238	87	0.08960043678160919
2278	16.15805	186	0.08418306451612903
2279	15.11483	156	0.09368480769230769
2280	10.550023	119	0.08445397478991597
2281	7.394603	75	0.09192804
2282	6.287392	75	0.07716522666666666
2283	11.243492	128	0.08393353125
2284	5.847166	59	0.09062993220338983
2285	11.353651	134	0.08099739552238805
2286	17.052834	177	0.09351883615819209
2287	6.489116	76	0.07880415789473684
2288	10.475147	104	0.095914875
2289	6.900816	71	0.09015233802816901
2290	8.27424	97	0.08014680412371135
2291	3.974785	48	0.07239135416666666
2292	6.06771	60	0.09279516666666666
2293	4.952562	61	0.07299281967213116
2294	5.58	64	0.079375
2295	8.102812	97	0.07837950515463918
2296	10.505986	124	0.08069343548387096
2297	6.016961	73	0.07557480821917809
2298	9.294195	104	0.0845595673076923
2299	5.400181	66	0.07424516666666667
2300	6.453152	64	0.093018
2301	14.921043	149	0.09678552348993288
2302	6.733016	63	0.0989367619047619
2303	17.839184	195	0.0889188923076923
2304	16.830249	176	0.09278550568181818
2305	20.942857	200	0.102214285
2306	12.744807	142	0.0862310352112676
2307	12.481814	134	0.08941652238805971
2308	15.625669	165	0.09167072121212122
2309	14.051791	142	0.09543514788732395
2310	13.518594	126	0.10332217460317461
2311	18.768073	196	0.09320445408163266
2312	8.909252	103	0.08164322330097087
2313	23.558141	138	0.16708797826086955
2314	8.612971	88	0.09219285227272728
2315	17.270748	183	0.09164343169398907
2316	15.982177	164	0.09440351829268293
2317	21.796553	200	0.106482765
2318	15.114376	142	0.10291814084507042
2319	12.432608	123	0.09701307317073171
2320	9.403946	82	0.10858470731707316
2321	12.271746	124	0.09493343548387097
2322	16.337052	179	0.08847515083798882
2323	17.362222	174	0.09690932183908045
2324	15.521678	151	0.09948131125827814
2325	12.721088	124	0.09855716129032258
2326	15.3678	160	0.09292375
2327	13.855057	162	0.08243862345679012
2328	14.039002	155	0.0873484
2329	13.596644	135	0.09701217777777778
2330	11.76585	124	0.09085362903225806
2331	15.807166	145	0.10556666206896552
2332	8.67161	89	0.09181584269662921
2333	14.553152	134	0.10487426865671642
2334	12.226213	131	0.08951307633587786
2335	17.337642	172	0.09789326744186046
2336	10.262948	116	0.08416334482758621
2337	17.730748	190	0.09068814736842104
2338	17.931474	184	0.09473627173913045
2339	10.854331	132	0.07844190151515151
2340	18.745669	192	0.09502952604166666
2341	13.060136	144	0.08722316666666667
2342	21.477914	183	0.11463340983606557
2343	18.341995	198	0.09011108585858586
2344	16.438458	182	0.08757394505494506
2345	17.582676	181	0.09437942541436464
2346	20.272245	196	0.10087880102040817
2347	19.86771	176	0.11004380681818181
2348	16.905624	173	0.09483019653179191
2349	13.38517	133	0.09688097744360903
2350	19.741587	186	0.10344939247311827
2351	10.991837	111	0.09452105405405406
2352	7.941406	76	0.09791323684210526
2353	6.534014	53	0.11384932075471699
2354	7.673741	85	0.08439695294117647
2355	5.310295	52	0.09250567307692308
2356	3.98517	42	0.08298023809523809
2357	11.240862	107	0.10038188785046728
2358	11.981361	132	0.08698000757575758
2359	10.870612	99	0.10475365656565656
2360	4.271293	40	0.094282325
2361	10.361995	111	0.08884680180180181
2362	5.711701	58	0.08985691379310344
2363	12.436735	138	0.08649807971014493
2364	11.636553	127	0.08768939370078739
2365	10.037732	105	0.09083554285714286
2366	7.665488	89	0.08051110112359551
2367	12.465578	113	0.10589007079646018
2368	6.716463	67	0.09278302985074627
2369	14.454422	134	0.1041374776119403
2370	7.336644	67	0.10203946268656716
2371	10.289433	113	0.08663215044247788
2372	10.84907	97	0.10669144329896907
2373	14.70771	144	0.09866465277777778
2374	6.356145	63	0.09295468253968253
2375	10.996961	115	0.09127792173913044
2376	9.086803	109	0.07877800917431192
2377	14.367483	142	0.09765833098591549
2378	12.688571	126	0.09673469047619047
2379	8.402041	88	0.08979592045454546
2380	13.27678	132	0.09679378787878788
2381	11.433016	107	0.10217771962616823
2382	4.419909	46	0.08521541304347825
2383	9.469297	105	0.08542187619047618
2384	19.023719	183	0.10122250819672131
2385	11.932245	134	0.08531526119402985
2386	11.187574	111	0.09628445045045045
2387	14.213696	151	0.09081917880794703
2388	15.880317	152	0.10118629605263157
2389	11.191565	109	0.09808775229357798
2390	4.184444	49	0.07519273469387755
2391	4.772426	50	0.08544852
2392	8.728118	94	0.08753317021276596
2393	13.4961	144	0.09025069444444445
2394	11.508435	133	0.08277018796992482
2395	10.816463	131	0.07875162595419848
2396	12.781769	139	0.08835805035971224
2397	12.256236	115	0.10222813913043478
2398	12.085034	124	0.0934276935483871
2399	10.507166	109	0.0918088623853211
2400	11.762313	126	0.08938343650793651
2401	4.026848	41	0.08602068292682927
2402	12.198957	125	0.093591656
2403	9.567846	105	0.08636043809523809
2404	14.602857	147	0.09593780272108844
2405	10.750567	124	0.0826658629032258
2406	11.843583	132	0.08593623484848485
2407	12.088753	136	0.08521141911764707
2408	13.290748	147	0.08701189115646259
2409	11.190794	119	0.08983860504201681
2410	10.688254	121	0.08420044628099174
2411	12.141859	130	0.08955276153846153
2412	8.589977	96	0.08427059375
2413	6.008571	56	0.09836733928571428
2414	9.004399	105	0.08099427619047618
2415	10.076327	114	0.08400286842105262
2416	6.940816	79	0.08152931645569621
2417	9.669569	104	0.08816893269230769
2418	8.316009	99	0.07894958585858586
2419	10.508209	109	0.09181843119266056
2420	4.544535	47	0.08605393617021276
2421	4.988254	53	0.08468403773584907
2422	8.011202	78	0.09629746153846155
2423	7.109615	76	0.08696861842105263
2424	8.438458	87	0.09124664367816093
2425	8.007891	77	0.09750507792207794
2426	5.452971	61	0.08119624590163935
2427	5.589887	57	0.08929626315789474
2428	9.754649	82	0.11286157317073171
2429	10.132245	107	0.09002098130841121
2430	11.146485	112	0.09505790178571429
2431	7.664989	78	0.09185883333333333
2432	9.030249	98	0.08704335714285714
2433	4.38449	47	0.08264872340425533
2434	10.024535	109	0.08738105504587156
2435	5.638367	56	0.09175655357142856
2436	7.188617	76	0.08800811842105263
2437	8.015601	83	0.09054940963855422
2438	12.958186	133	0.09367057142857142
2439	10.64	119	0.08521008403361345
2440	3.848798	40	0.08371995
2441	10.427528	104	0.095457
2442	14.084263	148	0.09178556081081081
2443	11.714286	123	0.09117305691056911
2444	10.335782	98	0.10036512244897959
2445	12.400317	125	0.09520253599999999
2446	12.060771	129	0.08961837984496125
2447	5.449478	46	0.10759734782608696
2448	8.919819	94	0.0895725425531915
2449	8.940952	95	0.08885212631578947
2450	10.818866	131	0.07876996946564885
2451	6.47678	71	0.08417999999999999
2452	13.080771	123	0.10228269105691057
2453	11.266395	123	0.08753166666666666
2454	6.489025	67	0.08938843283582089
2455	14.088889	132	0.10294612878787879
2456	13.345034	144	0.089201625
2457	8.845215	88	0.09483198863636363
2458	3.727483	43	0.07505774418604651
2459	11.984626	136	0.0844457794117647
2460	12.722857	144	0.08488095138888889
2461	12.577279	129	0.09362231782945737
2462	11.872834	133	0.08551003007518797
2463	8.438866	96	0.08269652083333334
2464	12.108481	132	0.08794303787878788
2465	4.31542	49	0.07786571428571427
2466	8.49941	107	0.07476084112149532
2467	8.620816	91	0.08923973626373626
2468	13.051293	149	0.08423686577181208
2469	10.162902	104	0.09291251923076924
2470	14.700454	146	0.09726338356164384
2471	4.646531	54	0.07678761111111111
2472	7.663175	88	0.08139971590909091
2473	13.202086	141	0.09008571631205674
2474	8.253107	85	0.09121302352941177
2475	11.529977	128	0.0861716953125
2476	6.807302	61	0.10339839344262294
2477	5.587166	59	0.08622315254237288
2478	13.679229	138	0.09550165942028985
2479	5.140544	56	0.08286685714285714
2480	10.473469	108	0.09234693518518518
2481	4.650612	45	0.09223582222222222
2482	5.564853	58	0.08732505172413793
2483	13.960227	148	0.09094747972972973
2484	4.615193	44	0.09352711363636362
2485	4.126213	43	0.08433053488372093
2486	13.278912	140	0.09127794285714286
2487	11.929977	115	0.09939110434782608
2488	14.122993	135	0.10091105925925925
2489	7.448753	80	0.0868594125
2490	12.797506	132	0.09316292424242424
2491	4.685397	52	0.08048840384615384
2492	11.034286	122	0.08634660655737705
2493	14.404989	149	0.09332207382550337
2494	4.390794	47	0.08278285106382978
2495	4.835238	47	0.09223910638297873
2496	5.400771	61	0.08034050819672131
2497	13.366939	119	0.10812553781512606
2498	12.919728	150	0.08279818666666666
2499	12.888798	141	0.08786381560283688
2500	5.057415	49	0.0930084693877551
2501	10.698231	113	0.09024983185840708
2502	9.180499	106	0.08189149999999999
2503	5.412018	64	0.07675028125
2504	4.417188	47	0.0833444255319149
2505	14.869977	150	0.09579984666666667
2506	8.984127	99	0.08569825252525254
2507	10.376236	109	0.09060766972477065
2508	10.060272	117	0.08171172649572649
2509	8.551791	96	0.08387282291666666
2510	11.509841	136	0.08095471323529412
2511	13.757052	134	0.09893322388059701
2512	12.398186	136	0.08748666176470589
2513	12.633923	137	0.0885687810218978
2514	4.713605	53	0.07950198113207547
2515	3.897642	43	0.07901493023255814
2516	11.439365	132	0.08287397727272727
2517	13.461587	142	0.09127878169014084
2518	9.935556	103	0.09160733980582525
2519	10.560907	110	0.09146279090909092
2520	12.320771	150	0.07880514000000001
2521	4.055782	43	0.08269260465116278
2522	9.35805	105	0.08436238095238095
2523	4.557324	51	0.07955537254901962
2524	12.033152	139	0.08297231654676258
2525	8.764127	94	0.08791624468085106
2526	11.788299	118	0.09566355084745763
2527	10.305125	131	0.07484828244274809
2528	13.539138	121	0.10776147107438017
2529	11.588844	126	0.08800669841269841
2530	12.028617	124	0.09297271774193548
2531	14.868254	146	0.09841269863013699
2532	11.96068	136	0.08426970588235294
2533	6.529887	67	0.08999831343283583
2534	11.345578	118	0.0919116779661017
2535	11.704535	131	0.08553080152671756
2536	3.695601	41	0.07794148780487804
2537	4.555556	46	0.08816426086956522
2538	4.262132	48	0.07837775000000001
2539	14.392608	140	0.09923291428571428
2540	4.290159	47	0.08064168085106384
2541	10.854059	124	0.0835004758064516
2542	9.744717	95	0.09731281052631578
2543	12.427982	144	0.08283320833333334
2544	7.83551	92	0.07973380434782609
2545	9.165714	113	0.07668773451327433
2546	13.718957	145	0.09116522068965517
2547	7.896508	81	0.09131491358024692
2548	9.930975	105	0.08981880952380952
2549	13.187619	143	0.0887246083916084
2550	11.886168	141	0.08075296453900709
2551	8.051156	87	0.08679489655172415
2552	14.540272	151	0.09298193377483444
2553	7.650612	78	0.09167451282051282
2554	13.295465	141	0.09074797872340426
2555	12.451066	133	0.08985763909774437
2556	9.130385	109	0.07917784403669725
2557	10.742766	116	0.08829970689655173
2558	9.767029	96	0.09653155208333335
2559	4.073605	41	0.0871610975609756
2560	5.003855	60	0.07506425
2561	7.638594	72	0.09914713888888889
2562	8.947302	78	0.10829874358974359
2563	14.493651	122	0.11470205737704918
2564	10.626122	107	0.09463665420560748
2565	11.625533	125	0.089004264
2566	10.699728	125	0.081597824
2567	13.75102	139	0.09533107913669064
2568	13.48966	144	0.09020597222222222
2569	9.604354	80	0.11380442500000001